Sample	Base_Editor	Dose	Replicate	Name	Unmodified%	Modified%	Reads_total	Reads_aligned	Unmodified	Modified	Discarded	Insertions	Deletions	Substitutions	Only Insertions	Only Deletions	Only Substitutions	Insertions and Deletions	Insertions and Substitutions	Deletions and Substitutions	Insertions Deletions and Substitutions
ABE8e-SpRY_D0	ABE8e-SpRY	D0	rep1	HEK3	99.8509687	0.1490313	1342	1342.0	1340.0	2.0	0.0	0.0	0.0	2.0	0.0	0.0	2.0	0.0	0.0	0.0	0.0
ABE8e-SpRY_D0	ABE8e-SpRY	D0	rep1	PDCD1	99.70167608	0.29832392	43919	43912.0	43781.0	131.0	0.0	1.0	5.0	125.0	1.0	5.0	125.0	0.0	0.0	0.0	0.0
ABE8e-SpRY_D0	ABE8e-SpRY	D0	rep1	B2M	99.49692274	0.50307726	76558	76529.0	76144.0	385.0	0.0	0.0	4.0	381.0	0.0	4.0	381.0	0.0	0.0	0.0	0.0
ABE8e-SpRY_D0	ABE8e-SpRY	D0	rep2	HEK3	99.6313912	0.3686088	16820	16820.0	16758.0	62.0	0.0	0.0	2.0	60.0	0.0	2.0	60.0	0.0	0.0	0.0	0.0
ABE8e-SpRY_D0	ABE8e-SpRY	D0	rep2	PDCD1	99.7069177	0.2930823	62791	62781.0	62597.0	184.0	0.0	1.0	6.0	177.0	1.0	6.0	177.0	0.0	0.0	0.0	0.0
ABE8e-SpRY_D0	ABE8e-SpRY	D0	rep2	B2M	99.45413679	0.54586321	28041	28029.0	27876.0	153.0	0.0	0.0	2.0	151.0	0.0	2.0	151.0	0.0	0.0	0.0	0.0
ABE8e-SpRY_D0	ABE8e-SpRY	D0	rep3	HEK3	99.62107875	0.37892125	59643	59643.0	59417.0	226.0	0.0	0.0	6.0	220.0	0.0	6.0	220.0	0.0	0.0	0.0	0.0
ABE8e-SpRY_D0	ABE8e-SpRY	D0	rep3	PDCD1	99.71454358	0.28545642	95298	95286.0	95014.0	272.0	0.0	5.0	12.0	256.0	5.0	11.0	255.0	0.0	0.0	1.0	0.0
ABE8e-SpRY_D0	ABE8e-SpRY	D0	rep3	B2M	99.63680387	0.36319613	4131	4130.0	4115.0	15.0	0.0	0.0	0.0	15.0	0.0	0.0	15.0	0.0	0.0	0.0	0.0
ABE8e-SpRY_D1	ABE8e-SpRY	D1	rep1	HEK3	99.36545569	0.63454431	14341	14341.0	14250.0	91.0	0.0	2.0	2.0	87.0	2.0	2.0	87.0	0.0	0.0	0.0	0.0
ABE8e-SpRY_D1	ABE8e-SpRY	D1	rep1	PDCD1	99.7076973	0.2923027	55435	55422.0	55260.0	162.0	0.0	0.0	7.0	155.0	0.0	7.0	155.0	0.0	0.0	0.0	0.0
ABE8e-SpRY_D1	ABE8e-SpRY	D1	rep1	B2M	98.62790934	1.37209066	68895	68873.0	67928.0	945.0	0.0	1.0	7.0	938.0	0.0	7.0	937.0	0.0	1.0	0.0	0.0
ABE8e-SpRY_D1	ABE8e-SpRY	D1	rep2	HEK3	99.49868558	0.50131442	16357	16357.0	16275.0	82.0	0.0	1.0	2.0	79.0	1.0	2.0	79.0	0.0	0.0	0.0	0.0
ABE8e-SpRY_D1	ABE8e-SpRY	D1	rep2	PDCD1	99.6758913	0.3241087	56172	56154.0	55972.0	182.0	0.0	1.0	7.0	174.0	1.0	7.0	174.0	0.0	0.0	0.0	0.0
ABE8e-SpRY_D1	ABE8e-SpRY	D1	rep2	B2M	98.31542084	1.68457916	16565	16562.0	16283.0	279.0	0.0	0.0	0.0	279.0	0.0	0.0	279.0	0.0	0.0	0.0	0.0
ABE8e-SpRY_D1	ABE8e-SpRY	D1	rep3	HEK3	99.46210137	0.53789863	148541	148541.0	147742.0	799.0	0.0	0.0	23.0	776.0	0.0	23.0	776.0	0.0	0.0	0.0	0.0
ABE8e-SpRY_D1	ABE8e-SpRY	D1	rep3	PDCD1	99.70407948	0.29592052	37858	37848.0	37736.0	112.0	0.0	6.0	3.0	103.0	6.0	3.0	103.0	0.0	0.0	0.0	0.0
ABE8e-SpRY_D1	ABE8e-SpRY	D1	rep3	B2M	98.41910945	1.58089055	80743	80714.0	79438.0	1276.0	0.0	5.0	8.0	1269.0	0.0	7.0	1263.0	0.0	5.0	1.0	0.0
ABE8e-SpRY_D2	ABE8e-SpRY	D2	rep1	HEK3	95.97865824	4.02134176	30363	30363.0	29142.0	1221.0	0.0	4.0	6.0	1212.0	3.0	6.0	1211.0	0.0	1.0	0.0	0.0
ABE8e-SpRY_D2	ABE8e-SpRY	D2	rep1	PDCD1	99.54907049	0.45092951	117552	117535.0	117005.0	530.0	0.0	0.0	9.0	522.0	0.0	8.0	521.0	0.0	0.0	1.0	0.0
ABE8e-SpRY_D2	ABE8e-SpRY	D2	rep1	B2M	95.91067854	4.08932146	25493	25481.0	24439.0	1042.0	0.0	0.0	1.0	1041.0	0.0	1.0	1041.0	0.0	0.0	0.0	0.0
ABE8e-SpRY_D2	ABE8e-SpRY	D2	rep2	HEK3	95.00261643	4.99738357	11466	11466.0	10893.0	573.0	0.0	1.0	1.0	572.0	1.0	0.0	571.0	0.0	0.0	1.0	0.0
ABE8e-SpRY_D2	ABE8e-SpRY	D2	rep2	PDCD1	99.54454179	0.45545821	89163	89141.0	88735.0	406.0	0.0	1.0	3.0	402.0	1.0	3.0	402.0	0.0	0.0	0.0	0.0
ABE8e-SpRY_D2	ABE8e-SpRY	D2	rep2	B2M	94.54676562	5.45323438	33292	33283.0	31468.0	1815.0	0.0	8.0	3.0	1804.0	8.0	3.0	1804.0	0.0	0.0	0.0	0.0
ABE8e-SpRY_D2	ABE8e-SpRY	D2	rep3	HEK3	95.94426034	4.05573966	107428	107428.0	103071.0	4357.0	0.0	31.0	19.0	4317.0	24.0	16.0	4307.0	0.0	7.0	3.0	0.0
ABE8e-SpRY_D2	ABE8e-SpRY	D2	rep3	PDCD1	99.52925353	0.47074647	29752	29740.0	29600.0	140.0	0.0	0.0	3.0	137.0	0.0	3.0	137.0	0.0	0.0	0.0	0.0
ABE8e-SpRY_D2	ABE8e-SpRY	D2	rep3	B2M	97.99157208	2.00842792	58877	58852.0	57670.0	1182.0	0.0	0.0	4.0	1178.0	0.0	4.0	1178.0	0.0	0.0	0.0	0.0
ABE8e-SpRY_D3	ABE8e-SpRY	D3	rep1	HEK3	95.60175128	4.39824872	29921	29921.0	28605.0	1316.0	0.0	11.0	12.0	1300.0	7.0	9.0	1293.0	0.0	4.0	3.0	0.0
ABE8e-SpRY_D3	ABE8e-SpRY	D3	rep1	PDCD1	99.67010862	0.32989138	111861	111855.0	111486.0	369.0	0.0	0.0	8.0	361.0	0.0	8.0	361.0	0.0	0.0	0.0	0.0
ABE8e-SpRY_D3	ABE8e-SpRY	D3	rep1	B2M	86.14668509	13.85331491	80376	80349.0	69218.0	11131.0	0.0	27.0	8.0	11105.0	20.0	6.0	11096.0	0.0	7.0	2.0	0.0
ABE8e-SpRY_D3	ABE8e-SpRY	D3	rep2	HEK3	92.40804692	7.59195308	36486	36486.0	33716.0	2770.0	0.0	22.0	7.0	2747.0	19.0	4.0	2741.0	0.0	3.0	3.0	0.0
ABE8e-SpRY_D3	ABE8e-SpRY	D3	rep2	PDCD1	99.66671339	0.33328661	64216	64209.0	63995.0	214.0	0.0	1.0	8.0	205.0	1.0	8.0	205.0	0.0	0.0	0.0	0.0
ABE8e-SpRY_D3	ABE8e-SpRY	D3	rep2	B2M	86.5654256	13.4345744	23184	23179.0	20065.0	3114.0	0.0	10.0	1.0	3103.0	10.0	1.0	3103.0	0.0	0.0	0.0	0.0
ABE8e-SpRY_D3	ABE8e-SpRY	D3	rep3	HEK3	60.02209868	39.97790132	57922	57922.0	34766.0	23156.0	0.0	150.0	114.0	22954.0	120.0	82.0	22892.0	0.0	30.0	32.0	0.0
ABE8e-SpRY_D3	ABE8e-SpRY	D3	rep3	PDCD1	98.0089773	1.9910227	53701	53691.0	52622.0	1069.0	0.0	0.0	2.0	1067.0	0.0	2.0	1067.0	0.0	0.0	0.0	0.0
ABE8e-SpRY_D3	ABE8e-SpRY	D3	rep3	B2M	90.22760058	9.77239942	62407	62390.0	56293.0	6097.0	0.0	15.0	11.0	6071.0	15.0	11.0	6071.0	0.0	0.0	0.0	0.0
ABE8e-SpRY_D4	ABE8e-SpRY	D4	rep1	HEK3	60.62442277	39.37557723	44393	44393.0	26913.0	17480.0	0.0	89.0	52.0	17388.0	71.0	21.0	17339.0	0.0	18.0	31.0	0.0
ABE8e-SpRY_D4	ABE8e-SpRY	D4	rep1	PDCD1	98.08443752	1.91556248	34042	34037.0	33385.0	652.0	0.0	0.0	5.0	647.0	0.0	5.0	647.0	0.0	0.0	0.0	0.0
ABE8e-SpRY_D4	ABE8e-SpRY	D4	rep1	B2M	61.04324335	38.95675665	50362	50343.0	30731.0	19612.0	0.0	41.0	6.0	19567.0	40.0	5.0	19565.0	0.0	1.0	1.0	0.0
ABE8e-SpRY_D4	ABE8e-SpRY	D4	rep2	HEK3	66.91603844	33.08396156	17377	17377.0	11628.0	5749.0	0.0	38.0	26.0	5713.0	25.0	11.0	5685.0	0.0	13.0	15.0	0.0
ABE8e-SpRY_D4	ABE8e-SpRY	D4	rep2	PDCD1	97.91943888	2.08056112	80420	80411.0	78738.0	1673.0	0.0	2.0	22.0	1650.0	2.0	21.0	1649.0	0.0	0.0	1.0	0.0
ABE8e-SpRY_D4	ABE8e-SpRY	D4	rep2	B2M	63.84139687	36.15860313	30249	30239.0	19305.0	10934.0	0.0	29.0	9.0	10899.0	28.0	7.0	10896.0	0.0	1.0	2.0	0.0
ABE8e-SpRY_D4	ABE8e-SpRY	D4	rep3	HEK3	86.5136368	13.4863632	164848	164848.0	142616.0	22232.0	0.0	167.0	108.0	22040.0	137.0	55.0	21957.0	0.0	30.0	53.0	0.0
ABE8e-SpRY_D4	ABE8e-SpRY	D4	rep3	PDCD1	98.93384569	1.06615431	79645	79632.0	78783.0	849.0	0.0	0.0	10.0	841.0	0.0	8.0	839.0	0.0	0.0	2.0	0.0
ABE8e-SpRY_D4	ABE8e-SpRY	D4	rep3	B2M	64.78589311	35.21410689	137461	137408.0	89021.0	48387.0	0.0	136.0	65.0	48201.0	129.0	57.0	48186.0	0.0	7.0	8.0	0.0
ABE8e-SpRY_D5	ABE8e-SpRY	D5	rep1	HEK3	70.55032392	29.44967608	59892	59892.0	42254.0	17638.0	0.0	101.0	55.0	17525.0	78.0	35.0	17482.0	0.0	23.0	20.0	0.0
ABE8e-SpRY_D5	ABE8e-SpRY	D5	rep1	PDCD1	98.34883772	1.65116228	181039	181024.0	178035.0	2989.0	0.0	3.0	23.0	2963.0	3.0	23.0	2963.0	0.0	0.0	0.0	0.0
ABE8e-SpRY_D5	ABE8e-SpRY	D5	rep1	B2M	65.63024468	34.36975532	90605	90568.0	59440.0	31128.0	0.0	91.0	42.0	31013.0	78.0	37.0	30995.0	0.0	13.0	5.0	0.0
ABE8e-SpRY_D5	ABE8e-SpRY	D5	rep2	HEK3	73.14894765	26.85105235	37060	37060.0	27109.0	9951.0	0.0	77.0	52.0	9865.0	57.0	29.0	9822.0	0.0	20.0	23.0	0.0
ABE8e-SpRY_D5	ABE8e-SpRY	D5	rep2	PDCD1	98.3483505	1.6516495	69819	69809.0	68656.0	1153.0	0.0	1.0	12.0	1140.0	1.0	12.0	1140.0	0.0	0.0	0.0	0.0
ABE8e-SpRY_D5	ABE8e-SpRY	D5	rep2	B2M	66.93284936	33.06715064	27557	27550.0	18440.0	9110.0	0.0	21.0	7.0	9088.0	20.0	2.0	9082.0	0.0	1.0	5.0	0.0
ABE8e-SpRY_D5	ABE8e-SpRY	D5	rep3	HEK3	74.87620844	25.12379156	59374	59374.0	44457.0	14917.0	0.0	106.0	56.0	14800.0	82.0	35.0	14755.0	0.0	24.0	21.0	0.0
ABE8e-SpRY_D5	ABE8e-SpRY	D5	rep3	PDCD1	97.95194909	2.04805091	79852	79832.0	78197.0	1635.0	0.0	0.0	9.0	1627.0	0.0	8.0	1626.0	0.0	0.0	1.0	0.0
ABE8e-SpRY_D5	ABE8e-SpRY	D5	rep3	B2M	66.75661295	33.24338705	78959	78936.0	52695.0	26241.0	0.0	95.0	25.0	26144.0	87.0	10.0	26121.0	0.0	8.0	15.0	0.0
ABE8e_D0	ABE8e	D0	rep1	HEK3	99.60694232	0.39305768	19590	19590.0	19513.0	77.0	0.0	0.0	4.0	73.0	0.0	4.0	73.0	0.0	0.0	0.0	0.0
ABE8e_D0	ABE8e	D0	rep1	PDCD1	99.62671	0.37329	91090	91082.0	90742.0	340.0	0.0	1.0	9.0	330.0	1.0	9.0	330.0	0.0	0.0	0.0	0.0
ABE8e_D0	ABE8e	D0	rep1	B2M	99.48115367	0.51884633	118004	117954.0	117342.0	612.0	0.0	0.0	12.0	601.0	0.0	11.0	600.0	0.0	0.0	1.0	0.0
ABE8e_D0	ABE8e	D0	rep2	HEK3	96.82399647	3.17600353	18136	18136.0	17560.0	576.0	0.0	5.0	10.0	566.0	5.0	5.0	561.0	0.0	0.0	5.0	0.0
ABE8e_D0	ABE8e	D0	rep2	PDCD1	99.69496081	0.30503919	66224	66221.0	66019.0	202.0	0.0	0.0	6.0	197.0	0.0	5.0	196.0	0.0	0.0	1.0	0.0
ABE8e_D0	ABE8e	D0	rep2	B2M	98.48343357	1.51656643	26788	26771.0	26365.0	406.0	0.0	16.0	25.0	382.0	5.0	19.0	365.0	0.0	11.0	6.0	0.0
ABE8e_D0	ABE8e	D0	rep3	HEK3	99.64305525	0.35694475	82926	82926.0	82630.0	296.0	0.0	0.0	11.0	285.0	0.0	11.0	285.0	0.0	0.0	0.0	0.0
ABE8e_D0	ABE8e	D0	rep3	PDCD1	99.62105799	0.37894201	39330	39320.0	39171.0	149.0	0.0	1.0	7.0	141.0	1.0	7.0	141.0	0.0	0.0	0.0	0.0
ABE8e_D0	ABE8e	D0	rep3	B2M	99.54288753	0.45711247	79006	78974.0	78613.0	361.0	0.0	0.0	9.0	352.0	0.0	9.0	352.0	0.0	0.0	0.0	0.0
ABE8e_D1	ABE8e	D1	rep1	HEK3	18.21628817	81.78371183	24791	24791.0	4516.0	20275.0	0.0	112.0	76.0	20123.0	100.0	52.0	20087.0	0.0	12.0	24.0	0.0
ABE8e_D1	ABE8e	D1	rep1	PDCD1	98.3058215	1.6941785	92032	92021.0	90462.0	1559.0	0.0	23.0	16.0	1521.0	23.0	15.0	1520.0	0.0	0.0	1.0	0.0
ABE8e_D1	ABE8e	D1	rep1	B2M	88.7771003	11.2228997	125178	125137.0	111093.0	14044.0	0.0	38.0	9.0	14006.0	30.0	8.0	13997.0	0.0	8.0	1.0	0.0
ABE8e_D1	ABE8e	D1	rep2	HEK3	45.03597122	54.96402878	36140	36140.0	16276.0	19864.0	0.0	95.0	91.0	19736.0	78.0	50.0	19678.0	0.0	17.0	41.0	0.0
ABE8e_D1	ABE8e	D1	rep2	PDCD1	98.28758212	1.71241788	61503	61492.0	60439.0	1053.0	0.0	1.0	9.0	1043.0	1.0	9.0	1043.0	0.0	0.0	0.0	0.0
ABE8e_D1	ABE8e	D1	rep2	B2M	88.25187167	11.74812833	35140	35129.0	31002.0	4127.0	0.0	20.0	0.0	4109.0	18.0	0.0	4107.0	0.0	2.0	0.0	0.0
ABE8e_D1	ABE8e	D1	rep3	HEK3	6.1339862	93.8660138	44930	44930.0	2756.0	42174.0	0.0	185.0	192.0	41970.0	137.0	67.0	41797.0	0.0	48.0	125.0	0.0
ABE8e_D1	ABE8e	D1	rep3	PDCD1	98.52533872	1.47466128	40085	40077.0	39486.0	591.0	0.0	5.0	5.0	583.0	4.0	4.0	581.0	0.0	1.0	1.0	0.0
ABE8e_D1	ABE8e	D1	rep3	B2M	86.35256508	13.64743492	39425	39414.0	34035.0	5379.0	0.0	26.0	7.0	5346.0	26.0	7.0	5346.0	0.0	0.0	0.0	0.0
ABE8e_D2	ABE8e	D2	rep1	HEK3	2.13290407	97.86709593	19879	19879.0	424.0	19455.0	0.0	106.0	98.0	19328.0	81.0	46.0	19251.0	0.0	25.0	52.0	0.0
ABE8e_D2	ABE8e	D2	rep1	PDCD1	90.95947777	9.04052223	32484	32476.0	29540.0	2936.0	0.0	3.0	7.0	2929.0	3.0	4.0	2926.0	0.0	0.0	3.0	0.0
ABE8e_D2	ABE8e	D2	rep1	B2M	63.85206437	36.14793563	60661	60648.0	38725.0	21923.0	0.0	53.0	23.0	21865.0	45.0	13.0	21847.0	0.0	8.0	10.0	0.0
ABE8e_D2	ABE8e	D2	rep2	HEK3	4.73220836	95.26779164	10904	10904.0	516.0	10388.0	0.0	51.0	41.0	10340.0	30.0	18.0	10296.0	0.0	21.0	23.0	0.0
ABE8e_D2	ABE8e	D2	rep2	PDCD1	80.87233734	19.12766266	41416	41406.0	33486.0	7920.0	0.0	61.0	12.0	7858.0	52.0	10.0	7847.0	0.0	9.0	2.0	0.0
ABE8e_D2	ABE8e	D2	rep2	B2M	15.33325455	84.66674545	33860	33848.0	5190.0	28658.0	0.0	135.0	30.0	28536.0	94.0	28.0	28493.0	0.0	41.0	2.0	0.0
ABE8e_D2	ABE8e	D2	rep3	HEK3	2.69875925	97.30124075	187790	187790.0	5068.0	182722.0	0.0	987.0	846.0	181623.0	678.0	421.0	180889.0	0.0	309.0	425.0	0.0
ABE8e_D2	ABE8e	D2	rep3	PDCD1	96.97519176	3.02480824	62343	62318.0	60433.0	1885.0	0.0	4.0	6.0	1875.0	4.0	6.0	1875.0	0.0	0.0	0.0	0.0
ABE8e_D2	ABE8e	D2	rep3	B2M	60.69160318	39.30839682	58433	58415.0	35453.0	22962.0	0.0	105.0	44.0	22847.0	92.0	23.0	22813.0	0.0	13.0	21.0	0.0
ABE8e_D3	ABE8e	D3	rep1	HEK3	1.43553879	98.56446121	32601	32601.0	468.0	32133.0	0.0	170.0	160.0	31951.0	105.0	77.0	31803.0	0.0	65.0	83.0	0.0
ABE8e_D3	ABE8e	D3	rep1	PDCD1	64.73297511	35.26702489	136794	136785.0	88545.0	48240.0	0.0	295.0	105.0	47912.0	250.0	78.0	47840.0	0.0	45.0	27.0	0.0
ABE8e_D3	ABE8e	D3	rep1	B2M	30.33650124	69.66349876	146024	145943.0	44274.0	101669.0	0.0	407.0	84.0	101240.0	370.0	59.0	101178.0	0.0	37.0	25.0	0.0
ABE8e_D3	ABE8e	D3	rep2	HEK3	1.30815292	98.69184708	32565	32565.0	426.0	32139.0	0.0	218.0	122.0	31962.0	131.0	46.0	31799.0	0.0	87.0	76.0	0.0
ABE8e_D3	ABE8e	D3	rep2	PDCD1	65.5726692	34.4273308	81878	81871.0	53685.0	28186.0	0.0	195.0	52.0	27975.0	176.0	35.0	27939.0	0.0	19.0	17.0	0.0
ABE8e_D3	ABE8e	D3	rep2	B2M	19.76208229	80.23791771	29519	29506.0	5831.0	23675.0	0.0	79.0	17.0	23591.0	68.0	16.0	23579.0	0.0	11.0	1.0	0.0
ABE8e_D3	ABE8e	D3	rep3	HEK3	1.10608497	98.89391503	66541	66541.0	736.0	65805.0	0.0	349.0	269.0	65494.0	215.0	96.0	65187.0	0.0	134.0	173.0	0.0
ABE8e_D3	ABE8e	D3	rep3	PDCD1	70.01323665	29.98676335	104265	104256.0	72993.0	31263.0	0.0	176.0	57.0	31056.0	151.0	56.0	31030.0	0.0	25.0	1.0	0.0
ABE8e_D3	ABE8e	D3	rep3	B2M	7.35866998	92.64133002	32612	32601.0	2399.0	30202.0	0.0	89.0	31.0	30096.0	76.0	30.0	30082.0	0.0	13.0	1.0	0.0
ABE8e_D4	ABE8e	D4	rep1	HEK3	0.16576715	99.83423285	103760	103760.0	172.0	103588.0	0.0	699.0	420.0	102996.0	465.0	127.0	102469.0	0.0	234.0	293.0	0.0
ABE8e_D4	ABE8e	D4	rep1	PDCD1	31.23662111	68.76337889	157915	157898.0	49322.0	108576.0	0.0	590.0	223.0	107968.0	512.0	96.0	107763.0	0.0	78.0	127.0	0.0
ABE8e_D4	ABE8e	D4	rep1	B2M	1.42107826	98.57892174	125307	125257.0	1780.0	123477.0	0.0	576.0	116.0	122860.0	523.0	94.0	122785.0	0.0	53.0	22.0	0.0
ABE8e_D4	ABE8e	D4	rep2	HEK3	0.09314842	99.90685158	19324	19324.0	18.0	19306.0	0.0	90.0	105.0	19176.0	59.0	71.0	19111.0	0.0	31.0	34.0	0.0
ABE8e_D4	ABE8e	D4	rep2	PDCD1	47.08432436	52.91567564	85364	85349.0	40186.0	45163.0	0.0	274.0	67.0	44897.0	232.0	34.0	44822.0	0.0	42.0	33.0	0.0
ABE8e_D4	ABE8e	D4	rep2	B2M	1.42028797	98.57971203	15354	15349.0	218.0	15131.0	0.0	43.0	8.0	15086.0	38.0	7.0	15080.0	0.0	5.0	1.0	0.0
ABE8e_D4	ABE8e	D4	rep3	HEK3	0.13400081	99.86599919	39552	39552.0	53.0	39499.0	0.0	230.0	197.0	39265.0	151.0	83.0	39072.0	0.0	79.0	114.0	0.0
ABE8e_D4	ABE8e	D4	rep3	PDCD1	70.86064088	29.13935912	71723	71714.0	50817.0	20897.0	0.0	144.0	31.0	20749.0	125.0	23.0	20722.0	0.0	19.0	8.0	0.0
ABE8e_D4	ABE8e	D4	rep3	B2M	2.22216796	97.77783204	40959	40951.0	910.0	40041.0	0.0	203.0	46.0	39825.0	178.0	38.0	39792.0	0.0	25.0	8.0	0.0
ABE8e_D5	ABE8e	D5	rep1	HEK3	0.57998017	99.42001983	33277	33277.0	193.0	33084.0	0.0	186.0	302.0	32874.0	105.0	105.0	32596.0	0.0	81.0	197.0	0.0
ABE8e_D5	ABE8e	D5	rep1	PDCD1	34.47809888	65.52190112	51808	51801.0	17860.0	33941.0	0.0	195.0	57.0	33728.0	170.0	43.0	33689.0	0.0	25.0	14.0	0.0
ABE8e_D5	ABE8e	D5	rep1	B2M	1.01043526	98.98956474	129995	129944.0	1313.0	128631.0	0.0	487.0	220.0	128006.0	432.0	193.0	127924.0	0.0	55.0	27.0	0.0
ABE8e_D5	ABE8e	D5	rep2	HEK3	0.36207718	99.63792282	20991	20990.0	76.0	20914.0	0.0	128.0	96.0	20784.0	79.0	51.0	20690.0	0.0	49.0	45.0	0.0
ABE8e_D5	ABE8e	D5	rep2	PDCD1	34.34766135	65.65233865	118779	118765.0	40793.0	77972.0	0.0	443.0	116.0	77529.0	375.0	68.0	77413.0	0.0	68.0	48.0	0.0
ABE8e_D5	ABE8e	D5	rep2	B2M	2.19125178	97.80874822	23832	23822.0	522.0	23300.0	0.0	73.0	32.0	23211.0	63.0	26.0	23195.0	0.0	10.0	6.0	0.0
ABE8e_D5	ABE8e	D5	rep3	HEK3	0.28588116	99.71411884	32531	32531.0	93.0	32438.0	0.0	172.0	176.0	32279.0	99.0	60.0	32090.0	0.0	73.0	116.0	0.0
ABE8e_D5	ABE8e	D5	rep3	PDCD1	33.01335153	66.98664847	61578	61566.0	20325.0	41241.0	0.0	233.0	71.0	41005.0	197.0	39.0	40937.0	0.0	36.0	32.0	0.0
ABE8e_D5	ABE8e	D5	rep3	B2M	1.90794539	98.09205461	53264	53251.0	1016.0	52235.0	0.0	143.0	82.0	52047.0	123.0	65.0	52010.0	0.0	20.0	17.0	0.0
ABEmax-NG_D0	ABEmax-NG	D0	rep1	HEK3	99.68665953	0.31334047	38297	38297.0	38177.0	120.0	0.0	0.0	4.0	116.0	0.0	4.0	116.0	0.0	0.0	0.0	0.0
ABEmax-NG_D0	ABEmax-NG	D0	rep1	PDCD1	99.68892079	0.31107921	50153	50148.0	49992.0	156.0	0.0	0.0	2.0	154.0	0.0	2.0	154.0	0.0	0.0	0.0	0.0
ABEmax-NG_D0	ABEmax-NG	D0	rep1	B2M	99.50552321	0.49447679	107229	107184.0	106654.0	530.0	0.0	0.0	6.0	524.0	0.0	6.0	524.0	0.0	0.0	0.0	0.0
ABEmax-NG_D0	ABEmax-NG	D0	rep2	HEK3	99.71054829	0.28945171	35931	35930.0	35826.0	104.0	0.0	0.0	2.0	102.0	0.0	2.0	102.0	0.0	0.0	0.0	0.0
ABEmax-NG_D0	ABEmax-NG	D0	rep2	PDCD1	99.69286523	0.30713477	110393	110375.0	110036.0	339.0	0.0	32.0	9.0	298.0	32.0	9.0	298.0	0.0	0.0	0.0	0.0
ABEmax-NG_D0	ABEmax-NG	D0	rep2	B2M	99.51828376	0.48171624	51291	51275.0	51028.0	247.0	0.0	0.0	2.0	245.0	0.0	2.0	245.0	0.0	0.0	0.0	0.0
ABEmax-NG_D0	ABEmax-NG	D0	rep3	HEK3	99.71026565	0.28973435	55223	55223.0	55063.0	160.0	0.0	0.0	3.0	157.0	0.0	3.0	157.0	0.0	0.0	0.0	0.0
ABEmax-NG_D0	ABEmax-NG	D0	rep3	PDCD1	99.71150379	0.28849621	110931	110920.0	110600.0	320.0	0.0	2.0	15.0	303.0	2.0	15.0	303.0	0.0	0.0	0.0	0.0
ABEmax-NG_D0	ABEmax-NG	D0	rep3	B2M	99.50170554	0.49829446	93553	93519.0	93053.0	466.0	0.0	0.0	3.0	463.0	0.0	3.0	463.0	0.0	0.0	0.0	0.0
ABEmax-NG_D1	ABEmax-NG	D1	rep1	HEK3	99.37027708	0.62972292	1588	1588.0	1578.0	10.0	0.0	0.0	0.0	10.0	0.0	0.0	10.0	0.0	0.0	0.0	0.0
ABEmax-NG_D1	ABEmax-NG	D1	rep1	PDCD1	99.2371044	0.7628956	135152	135143.0	134112.0	1031.0	0.0	4.0	21.0	1008.0	2.0	21.0	1006.0	0.0	2.0	0.0	0.0
ABEmax-NG_D1	ABEmax-NG	D1	rep1	B2M	99.5475433	0.4524567	70754	70725.0	70405.0	320.0	0.0	0.0	9.0	311.0	0.0	9.0	311.0	0.0	0.0	0.0	0.0
ABEmax-NG_D1	ABEmax-NG	D1	rep2	HEK3	99.53187868	0.46812132	25848	25848.0	25727.0	121.0	0.0	0.0	4.0	117.0	0.0	4.0	117.0	0.0	0.0	0.0	0.0
ABEmax-NG_D1	ABEmax-NG	D1	rep2	PDCD1	99.6853107	0.3146893	70237	70228.0	70007.0	221.0	0.0	15.0	9.0	197.0	15.0	9.0	197.0	0.0	0.0	0.0	0.0
ABEmax-NG_D1	ABEmax-NG	D1	rep2	B2M	99.42795502	0.57204498	30600	30592.0	30417.0	175.0	0.0	0.0	3.0	172.0	0.0	3.0	172.0	0.0	0.0	0.0	0.0
ABEmax-NG_D1	ABEmax-NG	D1	rep3	HEK3	99.53184564	0.46815436	44857	44857.0	44647.0	210.0	0.0	0.0	4.0	206.0	0.0	4.0	206.0	0.0	0.0	0.0	0.0
ABEmax-NG_D1	ABEmax-NG	D1	rep3	PDCD1	99.66177114	0.33822886	77769	77758.0	77495.0	263.0	0.0	0.0	5.0	258.0	0.0	5.0	258.0	0.0	0.0	0.0	0.0
ABEmax-NG_D1	ABEmax-NG	D1	rep3	B2M	99.4475587	0.5524413	24630	24618.0	24482.0	136.0	0.0	0.0	2.0	134.0	0.0	2.0	134.0	0.0	0.0	0.0	0.0
ABEmax-NG_D2	ABEmax-NG	D2	rep1	HEK3	99.65646108	0.34353892	43082	43081.0	42933.0	148.0	0.0	1.0	2.0	145.0	1.0	2.0	145.0	0.0	0.0	0.0	0.0
ABEmax-NG_D2	ABEmax-NG	D2	rep1	PDCD1	99.57608578	0.42391422	175994	175979.0	175233.0	746.0	0.0	2.0	20.0	724.0	2.0	20.0	724.0	0.0	0.0	0.0	0.0
ABEmax-NG_D2	ABEmax-NG	D2	rep1	B2M	99.22059714	0.77940286	156977	156915.0	155692.0	1223.0	0.0	0.0	14.0	1209.0	0.0	14.0	1209.0	0.0	0.0	0.0	0.0
ABEmax-NG_D2	ABEmax-NG	D2	rep2	HEK3	97.05049969	2.94950031	22614	22614.0	21947.0	667.0	0.0	8.0	6.0	653.0	8.0	6.0	653.0	0.0	0.0	0.0	0.0
ABEmax-NG_D2	ABEmax-NG	D2	rep2	PDCD1	99.65050317	0.34949683	56943	56939.0	56740.0	199.0	0.0	1.0	2.0	196.0	1.0	2.0	196.0	0.0	0.0	0.0	0.0
ABEmax-NG_D2	ABEmax-NG	D2	rep2	B2M	99.34806968	0.65193032	29458	29451.0	29259.0	192.0	0.0	0.0	0.0	192.0	0.0	0.0	192.0	0.0	0.0	0.0	0.0
ABEmax-NG_D2	ABEmax-NG	D2	rep3	HEK3	99.24162159	0.75837841	53799	53799.0	53391.0	408.0	0.0	2.0	5.0	401.0	2.0	5.0	401.0	0.0	0.0	0.0	0.0
ABEmax-NG_D2	ABEmax-NG	D2	rep3	PDCD1	99.65012441	0.34987559	79186	79171.0	78894.0	277.0	0.0	0.0	6.0	271.0	0.0	6.0	271.0	0.0	0.0	0.0	0.0
ABEmax-NG_D2	ABEmax-NG	D2	rep3	B2M	99.36082541	0.63917459	30836	30821.0	30624.0	197.0	0.0	0.0	3.0	194.0	0.0	3.0	194.0	0.0	0.0	0.0	0.0
ABEmax-NG_D3	ABEmax-NG	D3	rep1	HEK3	96.8189683	3.1810317	52593	52593.0	50920.0	1673.0	0.0	6.0	6.0	1661.0	6.0	6.0	1661.0	0.0	0.0	0.0	0.0
ABEmax-NG_D3	ABEmax-NG	D3	rep1	PDCD1	99.49961276	0.50038724	165294	165272.0	164445.0	827.0	0.0	6.0	24.0	798.0	6.0	23.0	797.0	0.0	0.0	1.0	0.0
ABEmax-NG_D3	ABEmax-NG	D3	rep1	B2M	99.13839416	0.86160584	147100	147051.0	145784.0	1267.0	0.0	0.0	6.0	1261.0	0.0	6.0	1261.0	0.0	0.0	0.0	0.0
ABEmax-NG_D3	ABEmax-NG	D3	rep2	HEK3	98.01363052	1.98636948	41233	41231.0	40412.0	819.0	0.0	3.0	9.0	807.0	3.0	9.0	807.0	0.0	0.0	0.0	0.0
ABEmax-NG_D3	ABEmax-NG	D3	rep2	PDCD1	99.61777248	0.38222752	45266	45261.0	45088.0	173.0	0.0	0.0	4.0	169.0	0.0	4.0	169.0	0.0	0.0	0.0	0.0
ABEmax-NG_D3	ABEmax-NG	D3	rep2	B2M	99.03739826	0.96260174	55185	55163.0	54632.0	531.0	0.0	0.0	3.0	528.0	0.0	3.0	528.0	0.0	0.0	0.0	0.0
ABEmax-NG_D3	ABEmax-NG	D3	rep3	HEK3	98.14780168	1.85219832	58795	58795.0	57706.0	1089.0	0.0	7.0	7.0	1075.0	7.0	7.0	1075.0	0.0	0.0	0.0	0.0
ABEmax-NG_D3	ABEmax-NG	D3	rep3	PDCD1	99.60346378	0.39653622	105672	105665.0	105246.0	419.0	0.0	0.0	16.0	404.0	0.0	15.0	403.0	0.0	0.0	1.0	0.0
ABEmax-NG_D3	ABEmax-NG	D3	rep3	B2M	99.2298151	0.7701849	34675	34667.0	34400.0	267.0	0.0	0.0	1.0	266.0	0.0	1.0	266.0	0.0	0.0	0.0	0.0
ABEmax-NG_D4	ABEmax-NG	D4	rep1	HEK3	94.6387646	5.3612354	36652	36652.0	34687.0	1965.0	0.0	28.0	2.0	1938.0	26.0	1.0	1935.0	0.0	2.0	1.0	0.0
ABEmax-NG_D4	ABEmax-NG	D4	rep1	PDCD1	99.33019259	0.66980741	173647	173632.0	172469.0	1163.0	0.0	0.0	19.0	1146.0	0.0	17.0	1144.0	0.0	0.0	2.0	0.0
ABEmax-NG_D4	ABEmax-NG	D4	rep1	B2M	99.24654719	0.75345281	80336	80297.0	79692.0	605.0	0.0	0.0	2.0	603.0	0.0	2.0	603.0	0.0	0.0	0.0	0.0
ABEmax-NG_D4	ABEmax-NG	D4	rep2	HEK3	95.11505028	4.88494972	29335	29335.0	27902.0	1433.0	0.0	16.0	2.0	1420.0	11.0	2.0	1415.0	0.0	5.0	0.0	0.0
ABEmax-NG_D4	ABEmax-NG	D4	rep2	PDCD1	99.24070001	0.75929999	52289	52285.0	51888.0	397.0	0.0	1.0	7.0	389.0	1.0	7.0	389.0	0.0	0.0	0.0	0.0
ABEmax-NG_D4	ABEmax-NG	D4	rep2	B2M	96.80812312	3.19187688	21971	21962.0	21261.0	701.0	0.0	0.0	1.0	700.0	0.0	1.0	700.0	0.0	0.0	0.0	0.0
ABEmax-NG_D4	ABEmax-NG	D4	rep3	HEK3	94.3891963	5.6108037	51687	51686.0	48786.0	2900.0	0.0	33.0	6.0	2870.0	24.0	6.0	2861.0	0.0	9.0	0.0	0.0
ABEmax-NG_D4	ABEmax-NG	D4	rep3	PDCD1	99.37236852	0.62763148	76490	76478.0	75998.0	480.0	0.0	0.0	14.0	466.0	0.0	14.0	466.0	0.0	0.0	0.0	0.0
ABEmax-NG_D4	ABEmax-NG	D4	rep3	B2M	99.17839794	0.82160206	161459	161392.0	160066.0	1326.0	0.0	0.0	14.0	1312.0	0.0	14.0	1312.0	0.0	0.0	0.0	0.0
ABEmax-NG_D5	ABEmax-NG	D5	rep1	HEK3	91.9684466	8.0315534	41200	41200.0	37891.0	3309.0	0.0	39.0	15.0	3267.0	35.0	7.0	3255.0	0.0	4.0	8.0	0.0
ABEmax-NG_D5	ABEmax-NG	D5	rep1	PDCD1	99.3561111	0.6438889	145540	145522.0	144585.0	937.0	0.0	0.0	17.0	921.0	0.0	16.0	920.0	0.0	0.0	1.0	0.0
ABEmax-NG_D5	ABEmax-NG	D5	rep1	B2M	96.33989386	3.66010614	69189	69151.0	66620.0	2531.0	0.0	8.0	7.0	2516.0	8.0	7.0	2516.0	0.0	0.0	0.0	0.0
ABEmax-NG_D5	ABEmax-NG	D5	rep2	HEK3	91.64261992	8.35738008	18367	18367.0	16832.0	1535.0	0.0	20.0	3.0	1518.0	16.0	1.0	1512.0	0.0	4.0	2.0	0.0
ABEmax-NG_D5	ABEmax-NG	D5	rep2	PDCD1	99.33882532	0.66117468	84259	84244.0	83687.0	557.0	0.0	0.0	9.0	548.0	0.0	9.0	548.0	0.0	0.0	0.0	0.0
ABEmax-NG_D5	ABEmax-NG	D5	rep2	B2M	97.05211624	2.94788376	47817	47797.0	46388.0	1409.0	0.0	2.0	7.0	1401.0	1.0	7.0	1400.0	0.0	1.0	0.0	0.0
ABEmax-NG_D5	ABEmax-NG	D5	rep3	HEK3	91.68107866	8.31892134	62448	62448.0	57253.0	5195.0	0.0	55.0	15.0	5138.0	44.0	13.0	5125.0	0.0	11.0	2.0	0.0
ABEmax-NG_D5	ABEmax-NG	D5	rep3	PDCD1	99.47355284	0.52644716	44077	44069.0	43837.0	232.0	0.0	0.0	2.0	230.0	0.0	2.0	230.0	0.0	0.0	0.0	0.0
ABEmax-NG_D5	ABEmax-NG	D5	rep3	B2M	96.41114353	3.58885647	116248	116193.0	112023.0	4170.0	0.0	1.0	15.0	4154.0	1.0	15.0	4154.0	0.0	0.0	0.0	0.0
AXBE_D0	AXBE	D0	rep1	HEK3	99.64409108	0.35590892	48046	48046.0	47875.0	171.0	0.0	0.0	4.0	167.0	0.0	4.0	167.0	0.0	0.0	0.0	0.0
AXBE_D0	AXBE	D0	rep1	PDCD1	99.68853416	0.31146584	123309	123288.0	122904.0	384.0	0.0	0.0	10.0	375.0	0.0	9.0	374.0	0.0	0.0	1.0	0.0
AXBE_D0	AXBE	D0	rep1	B2M	99.45618673	0.54381327	73020	73003.0	72606.0	397.0	0.0	0.0	4.0	393.0	0.0	4.0	393.0	0.0	0.0	0.0	0.0
AXBE_D0	AXBE	D0	rep2	HEK3	98.60469996	1.39530004	19064	19064.0	18798.0	266.0	0.0	0.0	7.0	259.0	0.0	7.0	259.0	0.0	0.0	0.0	0.0
AXBE_D0	AXBE	D0	rep2	PDCD1	99.73692287	0.26307713	45626	45614.0	45494.0	120.0	0.0	0.0	6.0	114.0	0.0	6.0	114.0	0.0	0.0	0.0	0.0
AXBE_D0	AXBE	D0	rep2	B2M	99.52473861	0.47526139	19995	19989.0	19894.0	95.0	0.0	0.0	3.0	92.0	0.0	3.0	92.0	0.0	0.0	0.0	0.0
AXBE_D0	AXBE	D0	rep3	HEK3	99.39474871	0.60525129	57662	57662.0	57313.0	349.0	0.0	0.0	17.0	334.0	0.0	15.0	332.0	0.0	0.0	2.0	0.0
AXBE_D0	AXBE	D0	rep3	PDCD1	99.71091477	0.28908523	55360	55347.0	55187.0	160.0	0.0	0.0	6.0	154.0	0.0	6.0	154.0	0.0	0.0	0.0	0.0
AXBE_D0	AXBE	D0	rep3	B2M	99.32252601	0.67747399	4134	4133.0	4105.0	28.0	0.0	0.0	0.0	28.0	0.0	0.0	28.0	0.0	0.0	0.0	0.0
AXBE_D1	AXBE	D1	rep1	HEK3	91.3097263	8.6902737	19401	19401.0	17715.0	1686.0	0.0	18.0	17.0	1659.0	17.0	10.0	1651.0	0.0	1.0	7.0	0.0
AXBE_D1	AXBE	D1	rep1	PDCD1	99.26288897	0.73711103	119400	119385.0	118505.0	880.0	0.0	0.0	11.0	870.0	0.0	10.0	869.0	0.0	0.0	1.0	0.0
AXBE_D1	AXBE	D1	rep1	B2M	93.30354476	6.69645524	83731	83701.0	78096.0	5605.0	0.0	18.0	12.0	5580.0	18.0	7.0	5575.0	0.0	0.0	5.0	0.0
AXBE_D1	AXBE	D1	rep2	HEK3	93.74454466	6.25545534	13748	13748.0	12888.0	860.0	0.0	7.0	19.0	851.0	3.0	6.0	834.0	0.0	4.0	13.0	0.0
AXBE_D1	AXBE	D1	rep2	PDCD1	98.32222397	1.67777603	57170	57159.0	56200.0	959.0	0.0	0.0	4.0	955.0	0.0	4.0	955.0	0.0	0.0	0.0	0.0
AXBE_D1	AXBE	D1	rep2	B2M	96.07788595	3.92211405	28770	28760.0	27632.0	1128.0	0.0	6.0	3.0	1123.0	2.0	3.0	1119.0	0.0	4.0	0.0	0.0
AXBE_D1	AXBE	D1	rep3	HEK3	91.93873269	8.06126731	95320	95320.0	87636.0	7684.0	0.0	46.0	141.0	7559.0	25.0	100.0	7497.0	0.0	21.0	41.0	0.0
AXBE_D1	AXBE	D1	rep3	PDCD1	99.17549624	0.82450376	81273	81261.0	80591.0	670.0	0.0	1.0	17.0	653.0	1.0	16.0	652.0	0.0	0.0	1.0	0.0
AXBE_D1	AXBE	D1	rep3	B2M	97.65086087	2.34913913	89763	89735.0	87627.0	2108.0	0.0	5.0	13.0	2090.0	5.0	13.0	2090.0	0.0	0.0	0.0	0.0
AXBE_D2	AXBE	D2	rep1	HEK3	80.56690501	19.43309499	35244	35244.0	28395.0	6849.0	0.0	67.0	112.0	6710.0	60.0	79.0	6670.0	0.0	7.0	33.0	0.0
AXBE_D2	AXBE	D2	rep1	PDCD1	99.05018004	0.94981996	86665	86648.0	85825.0	823.0	0.0	1.0	6.0	816.0	1.0	6.0	816.0	0.0	0.0	0.0	0.0
AXBE_D2	AXBE	D2	rep1	B2M	48.62650602	51.37349398	62263	62250.0	30270.0	31980.0	0.0	90.0	27.0	31879.0	77.0	24.0	31863.0	0.0	13.0	3.0	0.0
AXBE_D2	AXBE	D2	rep2	HEK3	79.44376123	20.55623877	10571	10571.0	8398.0	2173.0	0.0	11.0	37.0	2141.0	11.0	21.0	2125.0	0.0	0.0	16.0	0.0
AXBE_D2	AXBE	D2	rep2	PDCD1	98.47685752	1.52314248	71118	71103.0	70020.0	1083.0	0.0	2.0	8.0	1075.0	1.0	7.0	1073.0	0.0	1.0	1.0	0.0
AXBE_D2	AXBE	D2	rep2	B2M	81.62130111	18.37869889	35426	35416.0	28907.0	6509.0	0.0	18.0	6.0	6493.0	15.0	1.0	6485.0	0.0	3.0	5.0	0.0
AXBE_D2	AXBE	D2	rep3	HEK3	76.5287642	23.4712358	168960	168960.0	129303.0	39657.0	0.0	261.0	575.0	39119.0	217.0	321.0	38821.0	0.0	44.0	254.0	0.0
AXBE_D2	AXBE	D2	rep3	PDCD1	97.77687038	2.22312962	66135	66123.0	64653.0	1470.0	0.0	8.0	4.0	1459.0	7.0	4.0	1458.0	0.0	1.0	0.0	0.0
AXBE_D2	AXBE	D2	rep3	B2M	82.7546396	17.2453604	58047	58033.0	48025.0	10008.0	0.0	31.0	11.0	9968.0	31.0	9.0	9966.0	0.0	0.0	2.0	0.0
AXBE_D3	AXBE	D3	rep1	HEK3	21.3560736	78.6439264	21578	21577.0	4608.0	16969.0	0.0	163.0	307.0	16662.0	134.0	173.0	16499.0	0.0	29.0	134.0	0.0
AXBE_D3	AXBE	D3	rep1	PDCD1	99.47888913	0.52111087	144510	144499.0	143746.0	753.0	0.0	1.0	16.0	737.0	1.0	15.0	736.0	0.0	0.0	1.0	0.0
AXBE_D3	AXBE	D3	rep1	B2M	60.64831727	39.35168273	62986	62963.0	38186.0	24777.0	0.0	127.0	23.0	24643.0	120.0	14.0	24627.0	0.0	7.0	9.0	0.0
AXBE_D3	AXBE	D3	rep2	HEK3	30.85476025	69.14523975	18708	18707.0	5772.0	12935.0	0.0	110.0	238.0	12721.0	95.0	119.0	12587.0	0.0	15.0	119.0	0.0
AXBE_D3	AXBE	D3	rep2	PDCD1	99.57942669	0.42057331	63255	63247.0	62981.0	266.0	0.0	1.0	4.0	261.0	1.0	4.0	261.0	0.0	0.0	0.0	0.0
AXBE_D3	AXBE	D3	rep2	B2M	55.57219564	44.42780436	54759	54754.0	30428.0	24326.0	0.0	106.0	29.0	24205.0	95.0	26.0	24191.0	0.0	11.0	3.0	0.0
AXBE_D3	AXBE	D3	rep3	HEK3	27.68931091	72.31068909	196621	196621.0	54443.0	142178.0	0.0	1292.0	2524.0	139790.0	1057.0	1331.0	138362.0	0.0	235.0	1193.0	0.0
AXBE_D3	AXBE	D3	rep3	PDCD1	99.58040297	0.41959703	75800	75787.0	75469.0	318.0	0.0	0.0	7.0	311.0	0.0	7.0	311.0	0.0	0.0	0.0	0.0
AXBE_D3	AXBE	D3	rep3	B2M	60.14915424	39.85084576	48014	48004.0	28874.0	19130.0	0.0	89.0	28.0	19021.0	84.0	25.0	19013.0	0.0	5.0	3.0	0.0
AXBE_D4	AXBE	D4	rep1	HEK3	11.54335454	88.45664546	29870	29870.0	3448.0	26422.0	0.0	326.0	541.0	25903.0	257.0	261.0	25557.0	1.0	67.0	278.0	1.0
AXBE_D4	AXBE	D4	rep1	PDCD1	87.46685602	12.53314398	111268	111257.0	97313.0	13944.0	0.0	140.0	88.0	13739.0	132.0	73.0	13716.0	0.0	8.0	15.0	0.0
AXBE_D4	AXBE	D4	rep1	B2M	30.6679752	69.3320248	64212	64194.0	19687.0	44507.0	0.0	193.0	55.0	44295.0	163.0	49.0	44259.0	0.0	30.0	6.0	0.0
AXBE_D4	AXBE	D4	rep2	HEK3	9.95095568	90.04904432	21818	21817.0	2171.0	19646.0	0.0	205.0	414.0	19266.0	166.0	214.0	19027.0	0.0	39.0	200.0	0.0
AXBE_D4	AXBE	D4	rep2	PDCD1	85.81789646	14.18210354	84116	84106.0	72178.0	11928.0	0.0	70.0	41.0	11842.0	56.0	30.0	11817.0	0.0	14.0	11.0	0.0
AXBE_D4	AXBE	D4	rep2	B2M	30.60573399	69.39426601	23202	23195.0	7099.0	16096.0	0.0	65.0	25.0	16024.0	54.0	18.0	16006.0	0.0	11.0	7.0	0.0
AXBE_D4	AXBE	D4	rep3	HEK3	9.13098103	90.86901897	187855	187844.0	17152.0	170692.0	0.0	1688.0	3623.0	167584.0	1259.0	1846.0	165398.0	3.0	412.0	1760.0	14.0
AXBE_D4	AXBE	D4	rep3	PDCD1	85.45450489	14.54549511	89649	89636.0	76598.0	13038.0	0.0	58.0	22.0	12987.0	35.0	16.0	12958.0	0.0	23.0	6.0	0.0
AXBE_D4	AXBE	D4	rep3	B2M	39.30006601	60.69993399	86374	86351.0	33936.0	52415.0	0.0	217.0	43.0	52178.0	196.0	41.0	52155.0	0.0	21.0	2.0	0.0
AXBE_D5	AXBE	D5	rep1	HEK3	17.48393713	82.51606287	95562	95562.0	16708.0	78854.0	0.0	859.0	1681.0	77298.0	743.0	813.0	76333.0	0.0	97.0	849.0	19.0
AXBE_D5	AXBE	D5	rep1	PDCD1	92.438628	7.561372	23388	23382.0	21614.0	1768.0	0.0	9.0	9.0	1750.0	9.0	9.0	1750.0	0.0	0.0	0.0	0.0
AXBE_D5	AXBE	D5	rep1	B2M	50.35246914	49.64753086	107721	107669.0	54214.0	53455.0	0.0	228.0	45.0	53186.0	227.0	42.0	53182.0	0.0	1.0	3.0	0.0
AXBE_D5	AXBE	D5	rep2	HEK3	15.96946327	84.03053673	25674	25674.0	4100.0	21574.0	0.0	235.0	454.0	21126.0	187.0	261.0	20885.0	0.0	48.0	193.0	0.0
AXBE_D5	AXBE	D5	rep2	PDCD1	90.70802454	9.29197546	51684	51679.0	46877.0	4802.0	0.0	34.0	20.0	4750.0	33.0	19.0	4748.0	0.0	1.0	1.0	0.0
AXBE_D5	AXBE	D5	rep2	B2M	47.77486263	52.22513737	20205	20201.0	9651.0	10550.0	0.0	43.0	15.0	10497.0	40.0	13.0	10492.0	0.0	3.0	2.0	0.0
AXBE_D5	AXBE	D5	rep3	HEK3	14.5950443	85.4049557	44474	44474.0	6491.0	37983.0	0.0	360.0	868.0	37262.0	279.0	442.0	36756.0	0.0	80.0	425.0	1.0
AXBE_D5	AXBE	D5	rep3	PDCD1	91.40999042	8.59000958	50136	50128.0	45822.0	4306.0	0.0	22.0	12.0	4275.0	22.0	9.0	4272.0	0.0	0.0	3.0	0.0
AXBE_D5	AXBE	D5	rep3	B2M	50.15281911	49.84718089	24876	24866.0	12471.0	12395.0	0.0	64.0	1.0	12334.0	61.0	0.0	12330.0	0.0	3.0	1.0	0.0
AYBE_D0	AYBE	D0	rep1	HEK3			50														
AYBE_D0	AYBE	D0	rep1	PDCD1			236														
AYBE_D0	AYBE	D0	rep1	B2M			133														
AYBE_D0	AYBE	D0	rep2	HEK3			52														
AYBE_D0	AYBE	D0	rep2	PDCD1			78														
AYBE_D0	AYBE	D0	rep2	B2M			40														
AYBE_D0	AYBE	D0	rep3	HEK3			122														
AYBE_D0	AYBE	D0	rep3	PDCD1			71														
AYBE_D0	AYBE	D0	rep3	B2M			422														
AYBE_D1	AYBE	D1	rep1	HEK3	92.34417344	7.65582656	16236	16236.0	14993.0	1243.0	0.0	5.0	23.0	1231.0	4.0	8.0	1215.0	0.0	1.0	15.0	0.0
AYBE_D1	AYBE	D1	rep1	PDCD1	99.25470642	0.74529358	75014	75004.0	74445.0	559.0	0.0	0.0	9.0	550.0	0.0	9.0	550.0	0.0	0.0	0.0	0.0
AYBE_D1	AYBE	D1	rep1	B2M	99.40142957	0.59857043	80066	80024.0	79545.0	479.0	0.0	0.0	1.0	478.0	0.0	1.0	478.0	0.0	0.0	0.0	0.0
AYBE_D1	AYBE	D1	rep2	HEK3	92.87522669	7.12477331	55694	55693.0	51725.0	3968.0	0.0	22.0	102.0	3884.0	14.0	70.0	3844.0	0.0	8.0	32.0	0.0
AYBE_D1	AYBE	D1	rep2	PDCD1	99.6066694	0.3933306	75515	75509.0	75212.0	297.0	0.0	2.0	6.0	289.0	2.0	6.0	289.0	0.0	0.0	0.0	0.0
AYBE_D1	AYBE	D1	rep2	B2M	99.37283051	0.62716949	110371	110337.0	109645.0	692.0	0.0	0.0	7.0	685.0	0.0	7.0	685.0	0.0	0.0	0.0	0.0
AYBE_D1	AYBE	D1	rep3	HEK3	92.28429558	7.71570442	54578	54577.0	50366.0	4211.0	0.0	45.0	72.0	4118.0	45.0	48.0	4094.0	0.0	0.0	24.0	0.0
AYBE_D1	AYBE	D1	rep3	PDCD1	99.51991845	0.48008155	60829	60823.0	60531.0	292.0	0.0	18.0	6.0	268.0	18.0	6.0	268.0	0.0	0.0	0.0	0.0
AYBE_D1	AYBE	D1	rep3	B2M	99.42660291	0.57339709	44149	44123.0	43870.0	253.0	0.0	0.0	0.0	253.0	0.0	0.0	253.0	0.0	0.0	0.0	0.0
AYBE_D2	AYBE	D2	rep1	HEK3	86.17623522	13.82376478	67478	67478.0	58150.0	9328.0	0.0	111.0	104.0	9154.0	111.0	63.0	9113.0	0.0	0.0	41.0	0.0
AYBE_D2	AYBE	D2	rep1	PDCD1	96.85225293	3.14774707	61420	61409.0	59476.0	1933.0	0.0	1.0	18.0	1915.0	1.0	17.0	1914.0	0.0	0.0	1.0	0.0
AYBE_D2	AYBE	D2	rep1	B2M	67.53228947	32.46771053	36486	36467.0	24627.0	11840.0	0.0	37.0	16.0	11799.0	35.0	6.0	11787.0	0.0	2.0	10.0	0.0
AYBE_D2	AYBE	D2	rep2	HEK3	85.60628609	14.39371391	16799	16799.0	14381.0	2418.0	0.0	21.0	36.0	2375.0	19.0	24.0	2361.0	0.0	2.0	12.0	0.0
AYBE_D2	AYBE	D2	rep2	PDCD1	97.70734381	2.29265619	98544	98532.0	96273.0	2259.0	0.0	19.0	25.0	2215.0	19.0	25.0	2215.0	0.0	0.0	0.0	0.0
AYBE_D2	AYBE	D2	rep2	B2M	70.80184202	29.19815798	85368	85341.0	60423.0	24918.0	0.0	79.0	38.0	24806.0	78.0	34.0	24801.0	0.0	1.0	4.0	0.0
AYBE_D2	AYBE	D2	rep3	HEK3	85.18073255	14.81926745	24954	24954.0	21256.0	3698.0	0.0	24.0	93.0	3624.0	21.0	53.0	3581.0	0.0	3.0	40.0	0.0
AYBE_D2	AYBE	D2	rep3	PDCD1	98.30501183	1.69498817	116237	116225.0	114255.0	1970.0	0.0	12.0	13.0	1946.0	12.0	12.0	1945.0	0.0	0.0	1.0	0.0
AYBE_D2	AYBE	D2	rep3	B2M	69.82542202	30.17457798	69336	69310.0	48396.0	20914.0	0.0	94.0	26.0	20809.0	92.0	13.0	20794.0	0.0	2.0	13.0	0.0
AYBE_D3	AYBE	D3	rep1	HEK3	66.19982674	33.80017326	34630	34630.0	22925.0	11705.0	0.0	63.0	281.0	11455.0	54.0	196.0	11361.0	0.0	9.0	85.0	0.0
AYBE_D3	AYBE	D3	rep1	PDCD1	84.97817833	15.02182167	155131	155121.0	131819.0	23302.0	0.0	45.0	93.0	23191.0	40.0	71.0	23164.0	0.0	5.0	22.0	0.0
AYBE_D3	AYBE	D3	rep1	B2M	56.30308953	43.69691047	79839	79818.0	44940.0	34878.0	0.0	164.0	56.0	34690.0	147.0	41.0	34661.0	0.0	14.0	12.0	3.0
AYBE_D3	AYBE	D3	rep2	HEK3	63.62257191	36.37742809	67234	67234.0	42776.0	24458.0	0.0	185.0	425.0	24080.0	158.0	220.0	23849.0	0.0	26.0	204.0	1.0
AYBE_D3	AYBE	D3	rep2	PDCD1	90.9038063	9.0961937	79144	79132.0	71934.0	7198.0	0.0	13.0	34.0	7170.0	12.0	16.0	7151.0	0.0	1.0	18.0	0.0
AYBE_D3	AYBE	D3	rep2	B2M	51.49530159	48.50469841	51312	51294.0	26414.0	24880.0	0.0	112.0	31.0	24762.0	91.0	27.0	24737.0	0.0	21.0	4.0	0.0
AYBE_D3	AYBE	D3	rep3	HEK3	65.53609831	34.46390169	32551	32550.0	21332.0	11218.0	0.0	115.0	275.0	10948.0	96.0	174.0	10828.0	0.0	19.0	101.0	0.0
AYBE_D3	AYBE	D3	rep3	PDCD1	97.28745149	2.71254851	96633	96625.0	94004.0	2621.0	0.0	1.0	13.0	2610.0	1.0	10.0	2607.0	0.0	0.0	3.0	0.0
AYBE_D3	AYBE	D3	rep3	B2M	51.36172501	48.63827499	81838	81808.0	42018.0	39790.0	0.0	156.0	59.0	39613.0	133.0	44.0	39575.0	0.0	23.0	15.0	0.0
AYBE_D4	AYBE	D4	rep1	HEK3	18.24341859	81.75658141	34683	34681.0	6327.0	28354.0	0.0	246.0	731.0	27791.0	195.0	368.0	27381.0	0.0	47.0	359.0	4.0
AYBE_D4	AYBE	D4	rep1	PDCD1	81.53475645	18.46524355	106721	106714.0	87009.0	19705.0	0.0	99.0	47.0	19587.0	90.0	28.0	19559.0	0.0	9.0	19.0	0.0
AYBE_D4	AYBE	D4	rep1	B2M	35.11606023	64.88393977	95675	95640.0	33585.0	62055.0	0.0	217.0	75.0	61802.0	190.0	63.0	61763.0	0.0	27.0	12.0	0.0
AYBE_D4	AYBE	D4	rep2	HEK3	16.36718594	83.63281406	50198	50198.0	8216.0	41982.0	0.0	374.0	1124.0	41162.0	274.0	546.0	40485.0	0.0	99.0	577.0	1.0
AYBE_D4	AYBE	D4	rep2	PDCD1	80.36137224	19.63862776	81915	81910.0	65824.0	16086.0	0.0	66.0	68.0	15986.0	58.0	42.0	15952.0	0.0	8.0	26.0	0.0
AYBE_D4	AYBE	D4	rep2	B2M	34.59559442	65.40440558	29747	29735.0	10287.0	19448.0	0.0	71.0	20.0	19362.0	71.0	15.0	19357.0	0.0	0.0	5.0	0.0
AYBE_D4	AYBE	D4	rep3	HEK3	15.61266988	84.38733012	54748	54744.0	8547.0	46197.0	0.0	364.0	1187.0	45366.0	288.0	543.0	44651.0	0.0	71.0	639.0	5.0
AYBE_D4	AYBE	D4	rep3	PDCD1	81.01027477	18.98972523	43024	43018.0	34849.0	8169.0	0.0	32.0	29.0	8124.0	27.0	18.0	8108.0	0.0	5.0	11.0	0.0
AYBE_D4	AYBE	D4	rep3	B2M	36.32508203	63.67491797	89639	89602.0	32548.0	57054.0	0.0	235.0	107.0	56751.0	212.0	91.0	56712.0	0.0	23.0	16.0	0.0
AYBE_D5	AYBE	D5	rep1	HEK3	13.31316188	86.68683812	37016	37016.0	4928.0	32088.0	0.0	243.0	942.0	31464.0	198.0	426.0	30906.0	0.0	42.0	513.0	3.0
AYBE_D5	AYBE	D5	rep1	PDCD1	91.61290887	8.38709113	114414	114402.0	104807.0	9595.0	0.0	17.0	34.0	9557.0	7.0	31.0	9544.0	0.0	10.0	3.0	0.0
AYBE_D5	AYBE	D5	rep1	B2M	54.99201278	45.00798722	5009	5008.0	2754.0	2254.0	0.0	7.0	2.0	2246.0	6.0	2.0	2245.0	0.0	1.0	0.0	0.0
AYBE_D5	AYBE	D5	rep2	HEK3	12.65450985	87.34549015	24513	24513.0	3102.0	21411.0	0.0	183.0	639.0	20930.0	160.0	321.0	20591.0	0.0	21.0	316.0	2.0
AYBE_D5	AYBE	D5	rep2	PDCD1	91.7057356	8.2942644	82982	82973.0	76091.0	6882.0	0.0	10.0	35.0	6840.0	7.0	35.0	6837.0	0.0	3.0	0.0	0.0
AYBE_D5	AYBE	D5	rep2	B2M	53.34201237	46.65798763	114481	114452.0	61051.0	53401.0	0.0	145.0	96.0	53187.0	133.0	81.0	53160.0	0.0	12.0	15.0	0.0
AYBE_D5	AYBE	D5	rep3	HEK3	12.97342851	87.02657149	40345	40344.0	5234.0	35110.0	0.0	279.0	987.0	34416.0	219.0	475.0	33845.0	0.0	59.0	511.0	1.0
AYBE_D5	AYBE	D5	rep3	PDCD1	92.91606099	7.08393901	59172	59162.0	54971.0	4191.0	0.0	8.0	13.0	4172.0	6.0	13.0	4170.0	0.0	2.0	0.0	0.0
AYBE_D5	AYBE	D5	rep3	B2M	54.6760583	45.3239417	14344	14339.0	7840.0	6499.0	0.0	27.0	6.0	6470.0	27.0	2.0	6466.0	0.0	0.0	4.0	0.0
CBE6d_D0	CBE6d	D0	rep1	HEK3	99.65312715	0.34687285	37767	37766.0	37635.0	131.0	0.0	0.0	3.0	128.0	0.0	3.0	128.0	0.0	0.0	0.0	0.0
CBE6d_D0	CBE6d	D0	rep1	PDCD1	99.64136748	0.35863252	102628	102612.0	102244.0	368.0	0.0	5.0	13.0	350.0	5.0	13.0	350.0	0.0	0.0	0.0	0.0
CBE6d_D0	CBE6d	D0	rep1	B2M	99.53453715	0.46546285	103385	103338.0	102857.0	481.0	0.0	0.0	8.0	474.0	0.0	7.0	473.0	0.0	0.0	1.0	0.0
CBE6d_D0	CBE6d	D0	rep2	HEK3	99.74121607	0.25878393	47530	47530.0	47407.0	123.0	0.0	0.0	4.0	119.0	0.0	4.0	119.0	0.0	0.0	0.0	0.0
CBE6d_D0	CBE6d	D0	rep2	PDCD1	99.70582336	0.29417664	44879	44871.0	44739.0	132.0	0.0	1.0	4.0	127.0	1.0	4.0	127.0	0.0	0.0	0.0	0.0
CBE6d_D0	CBE6d	D0	rep2	B2M	99.52807928	0.47192072	23315	23309.0	23199.0	110.0	0.0	0.0	2.0	108.0	0.0	2.0	108.0	0.0	0.0	0.0	0.0
CBE6d_D0	CBE6d	D0	rep3	HEK3	99.74385066	0.25614934	56998	56998.0	56852.0	146.0	0.0	0.0	8.0	138.0	0.0	8.0	138.0	0.0	0.0	0.0	0.0
CBE6d_D0	CBE6d	D0	rep3	PDCD1	99.72257563	0.27742437	56599	56592.0	56435.0	157.0	0.0	10.0	5.0	142.0	10.0	5.0	142.0	0.0	0.0	0.0	0.0
CBE6d_D0	CBE6d	D0	rep3	B2M	99.52688128	0.47311872	98318	98284.0	97819.0	465.0	0.0	0.0	8.0	457.0	0.0	8.0	457.0	0.0	0.0	0.0	0.0
CBE6d_D1	CBE6d	D1	rep1	HEK3	68.37794646	31.62205354	40048	40048.0	27384.0	12664.0	0.0	172.0	1941.0	11575.0	156.0	933.0	10551.0	0.0	16.0	1008.0	0.0
CBE6d_D1	CBE6d	D1	rep1	PDCD1	98.03896616	1.96103384	78590	78581.0	77040.0	1541.0	0.0	24.0	49.0	1490.0	24.0	27.0	1468.0	0.0	0.0	22.0	0.0
CBE6d_D1	CBE6d	D1	rep1	B2M	90.59615095	9.40384905	133086	133020.0	120511.0	12509.0	0.0	222.0	1019.0	11504.0	200.0	805.0	11268.0	0.0	22.0	214.0	0.0
CBE6d_D1	CBE6d	D1	rep2	HEK3	67.36489005	32.63510995	13415	13415.0	9037.0	4378.0	0.0	61.0	659.0	3991.0	51.0	336.0	3660.0	0.0	8.0	321.0	2.0
CBE6d_D1	CBE6d	D1	rep2	PDCD1	98.09653785	1.90346215	41772	41766.0	40971.0	795.0	0.0	9.0	38.0	770.0	9.0	16.0	748.0	0.0	0.0	22.0	0.0
CBE6d_D1	CBE6d	D1	rep2	B2M	90.967204	9.032796	21591	21588.0	19638.0	1950.0	0.0	48.0	163.0	1786.0	38.0	126.0	1739.0	0.0	10.0	37.0	0.0
CBE6d_D1	CBE6d	D1	rep3	HEK3	64.31721922	35.68278078	102712	102705.0	66057.0	36648.0	0.0	439.0	5529.0	33704.0	372.0	2572.0	30681.0	0.0	66.0	2956.0	1.0
CBE6d_D1	CBE6d	D1	rep3	PDCD1	98.05238083	1.94761917	40527	40511.0	39722.0	789.0	0.0	1.0	36.0	771.0	1.0	17.0	752.0	0.0	0.0	19.0	0.0
CBE6d_D1	CBE6d	D1	rep3	B2M	91.18149173	8.81850827	33984	33974.0	30978.0	2996.0	0.0	68.0	250.0	2754.0	62.0	180.0	2682.0	0.0	2.0	66.0	4.0
CBE6d_D2	CBE6d	D2	rep1	HEK3	32.99212248	67.00787752	22470	22469.0	7413.0	15056.0	0.0	226.0	2535.0	13803.0	192.0	1060.0	12296.0	1.0	33.0	1474.0	0.0
CBE6d_D2	CBE6d	D2	rep1	PDCD1	92.1561011	7.8438989	38623	38616.0	35587.0	3029.0	0.0	16.0	168.0	2908.0	12.0	109.0	2845.0	0.0	4.0	59.0	0.0
CBE6d_D2	CBE6d	D2	rep1	B2M	89.15421866	10.84578134	117124	117087.0	104388.0	12699.0	0.0	546.0	1016.0	11422.0	458.0	819.0	11137.0	0.0	88.0	197.0	0.0
CBE6d_D2	CBE6d	D2	rep2	HEK3	33.8608847	66.1391153	12638	12637.0	4279.0	8358.0	0.0	163.0	1320.0	7717.0	137.0	504.0	6877.0	0.0	24.0	814.0	2.0
CBE6d_D2	CBE6d	D2	rep2	PDCD1	92.35642416	7.64357584	72468	72453.0	66915.0	5538.0	0.0	69.0	332.0	5301.0	63.0	174.0	5138.0	0.0	5.0	157.0	1.0
CBE6d_D2	CBE6d	D2	rep2	B2M	33.74862874	66.25137126	12767	12762.0	4307.0	8455.0	0.0	282.0	757.0	7664.0	216.0	575.0	7416.0	0.0	66.0	182.0	0.0
CBE6d_D2	CBE6d	D2	rep3	HEK3	31.72354974	68.27645026	137197	137182.0	43519.0	93663.0	0.0	1212.0	15245.0	86444.0	922.0	6279.0	77235.0	18.0	261.0	8937.0	11.0
CBE6d_D2	CBE6d	D2	rep3	PDCD1	91.14086698	8.85913302	44377	44361.0	40431.0	3930.0	0.0	83.0	309.0	3723.0	75.0	132.0	3545.0	0.0	1.0	170.0	7.0
CBE6d_D2	CBE6d	D2	rep3	B2M	89.28443578	10.71556422	25146	25141.0	22447.0	2694.0	0.0	64.0	236.0	2438.0	54.0	200.0	2396.0	2.0	8.0	34.0	0.0
CBE6d_D3	CBE6d	D3	rep1	HEK3	21.32224381	78.67775619	82364	82360.0	17561.0	64799.0	0.0	1112.0	10935.0	59564.0	873.0	4347.0	52772.0	15.0	219.0	6568.0	5.0
CBE6d_D3	CBE6d	D3	rep1	PDCD1	80.34154184	19.65845816	169191	169174.0	135917.0	33257.0	0.0	459.0	2486.0	31544.0	422.0	1291.0	30312.0	0.0	37.0	1195.0	0.0
CBE6d_D3	CBE6d	D3	rep1	B2M	26.37457508	73.62542492	74169	74132.0	19552.0	54580.0	0.0	2195.0	4680.0	49279.0	1766.0	3535.0	47730.0	0.0	404.0	1120.0	25.0
CBE6d_D3	CBE6d	D3	rep2	HEK3	16.62189573	83.37810427	18242	18241.0	3032.0	15209.0	0.0	311.0	2714.0	13933.0	236.0	1040.0	12184.0	0.0	75.0	1674.0	0.0
CBE6d_D3	CBE6d	D3	rep2	PDCD1	77.07634738	22.92365262	61741	61731.0	47580.0	14151.0	0.0	197.0	947.0	13463.0	176.0	512.0	13007.0	0.0	21.0	435.0	0.0
CBE6d_D3	CBE6d	D3	rep2	B2M	37.2068744	62.7931256	24917	24904.0	9266.0	15638.0	0.0	558.0	1308.0	14243.0	420.0	975.0	13776.0	0.0	134.0	329.0	4.0
CBE6d_D3	CBE6d	D3	rep3	HEK3	17.91807265	82.08192735	53051	53047.0	9505.0	43542.0	0.0	655.0	7596.0	40060.0	464.0	3018.0	35296.0	0.0	186.0	4573.0	5.0
CBE6d_D3	CBE6d	D3	rep3	PDCD1	80.71107041	19.28892959	102646	102634.0	82837.0	19797.0	0.0	274.0	1269.0	18919.0	226.0	652.0	18269.0	0.0	33.0	602.0	15.0
CBE6d_D3	CBE6d	D3	rep3	B2M	34.80021449	65.19978551	54112	54083.0	18821.0	35262.0	0.0	1327.0	3034.0	31825.0	1060.0	2376.0	30909.0	1.0	259.0	650.0	7.0
CBE6d_D4	CBE6d	D4	rep1	HEK3	3.95718876	96.04281124	38593	38588.0	1527.0	37061.0	0.0	726.0	7581.0	34370.0	459.0	2219.0	28792.0	13.0	229.0	5324.0	25.0
CBE6d_D4	CBE6d	D4	rep1	PDCD1	54.36516333	45.63483667	137076	137051.0	74508.0	62543.0	0.0	914.0	4607.0	59857.0	789.0	1897.0	57030.0	0.0	117.0	2702.0	8.0
CBE6d_D4	CBE6d	D4	rep1	B2M	12.89169078	87.10830922	48398	48380.0	6237.0	42143.0	0.0	1920.0	3546.0	38186.0	1429.0	2514.0	36698.0	14.0	470.0	1011.0	7.0
CBE6d_D4	CBE6d	D4	rep2	HEK3	6.26694204	93.73305796	15495	15494.0	971.0	14523.0	0.0	248.0	2732.0	13510.0	159.0	853.0	11551.0	1.0	81.0	1871.0	7.0
CBE6d_D4	CBE6d	D4	rep2	PDCD1	56.02519295	43.97480705	82416	82404.0	46167.0	36237.0	0.0	503.0	2866.0	34556.0	451.0	1230.0	32868.0	0.0	52.0	1636.0	0.0
CBE6d_D4	CBE6d	D4	rep2	B2M	10.18413945	89.81586055	20374	20365.0	2074.0	18291.0	0.0	877.0	1556.0	16580.0	630.0	1077.0	15871.0	4.0	234.0	466.0	9.0
CBE6d_D4	CBE6d	D4	rep3	HEK3	3.84399297	96.15600703	110363	110354.0	4242.0	106112.0	0.0	2091.0	20269.0	98216.0	1306.0	6562.0	83829.0	28.0	708.0	13630.0	49.0
CBE6d_D4	CBE6d	D4	rep3	PDCD1	52.95393491	47.04606509	90847	90828.0	48097.0	42731.0	0.0	601.0	3512.0	40697.0	523.0	1511.0	38620.0	0.0	76.0	1999.0	2.0
CBE6d_D4	CBE6d	D4	rep3	B2M	16.98723298	83.01276702	95905	95872.0	16286.0	79586.0	0.0	3498.0	6543.0	72320.0	2591.0	4675.0	69555.0	0.0	897.0	1858.0	10.0
CBE6d_D5	CBE6d	D5	rep1	HEK3	2.04663716	97.95336284	97826	97819.0	2002.0	95817.0	0.0	1674.0	20014.0	88736.0	994.0	6011.0	74229.0	76.0	580.0	13903.0	24.0
CBE6d_D5	CBE6d	D5	rep1	PDCD1	64.39833273	35.60166727	55194	55180.0	35535.0	19645.0	0.0	261.0	1462.0	18691.0	245.0	709.0	17922.0	0.0	16.0	753.0	0.0
CBE6d_D5	CBE6d	D5	rep1	B2M	11.03048938	88.96951062	69656	69598.0	7677.0	61921.0	0.0	2509.0	5410.0	56136.0	1784.0	4001.0	54006.0	0.0	721.0	1405.0	4.0
CBE6d_D5	CBE6d	D5	rep2	HEK3	2.54224445	97.45775555	26397	26394.0	671.0	25723.0	0.0	452.0	4880.0	23918.0	294.0	1500.0	20410.0	11.0	139.0	3361.0	8.0
CBE6d_D5	CBE6d	D5	rep2	PDCD1	64.59292591	35.40707409	95579	95560.0	61725.0	33835.0	0.0	339.0	2469.0	32255.0	300.0	1280.0	31030.0	0.0	36.0	1186.0	3.0
CBE6d_D5	CBE6d	D5	rep2	B2M	7.6433121	92.3566879	26552	26533.0	2028.0	24505.0	0.0	1010.0	2237.0	22112.0	771.0	1619.0	21262.0	3.0	235.0	614.0	1.0
CBE6d_D5	CBE6d	D5	rep3	HEK3	3.10167198	96.89832802	45816	45814.0	1421.0	44393.0	0.0	904.0	8781.0	41009.0	598.0	2761.0	34745.0	25.0	269.0	5983.0	12.0
CBE6d_D5	CBE6d	D5	rep3	PDCD1	65.50487877	34.49512123	54133	54112.0	35446.0	18666.0	0.0	256.0	1260.0	17878.0	226.0	562.0	17150.0	0.0	30.0	698.0	0.0
CBE6d_D5	CBE6d	D5	rep3	B2M	8.08697664	91.91302336	108123	108075.0	8740.0	99335.0	0.0	4128.0	9354.0	89564.0	3078.0	6692.0	85877.0	1.0	1026.0	2638.0	23.0
CGBE1-NG_D0	CGBE1-NG	D0	rep1	HEK3	99.71752368	0.28247632	59120	59120.0	58953.0	167.0	0.0	0.0	3.0	164.0	0.0	3.0	164.0	0.0	0.0	0.0	0.0
CGBE1-NG_D0	CGBE1-NG	D0	rep1	PDCD1	99.65558157	0.34441843	95249	95233.0	94905.0	328.0	0.0	1.0	15.0	312.0	1.0	15.0	312.0	0.0	0.0	0.0	0.0
CGBE1-NG_D0	CGBE1-NG	D0	rep1	B2M	99.47997069	0.52002931	128301	128262.0	127595.0	667.0	0.0	0.0	9.0	659.0	0.0	8.0	658.0	0.0	0.0	1.0	0.0
CGBE1-NG_D0	CGBE1-NG	D0	rep2	HEK3	99.69421977	0.30578023	20276	20276.0	20214.0	62.0	0.0	0.0	1.0	61.0	0.0	1.0	61.0	0.0	0.0	0.0	0.0
CGBE1-NG_D0	CGBE1-NG	D0	rep2	PDCD1	99.67169711	0.32830289	56675	56655.0	56469.0	186.0	0.0	1.0	7.0	178.0	1.0	7.0	178.0	0.0	0.0	0.0	0.0
CGBE1-NG_D0	CGBE1-NG	D0	rep2	B2M	99.52958839	0.47041161	39979	39965.0	39777.0	188.0	0.0	0.0	3.0	185.0	0.0	3.0	185.0	0.0	0.0	0.0	0.0
CGBE1-NG_D0	CGBE1-NG	D0	rep3	HEK3	99.68973648	0.31026352	48346	48346.0	48196.0	150.0	0.0	0.0	7.0	144.0	0.0	6.0	143.0	0.0	0.0	1.0	0.0
CGBE1-NG_D0	CGBE1-NG	D0	rep3	PDCD1	99.66332361	0.33667639	42190	42177.0	42035.0	142.0	0.0	0.0	10.0	133.0	0.0	9.0	132.0	0.0	0.0	1.0	0.0
CGBE1-NG_D0	CGBE1-NG	D0	rep3	B2M	99.55010104	0.44989896	67816	67793.0	67488.0	305.0	0.0	0.0	3.0	302.0	0.0	3.0	302.0	0.0	0.0	0.0	0.0
CGBE1-NG_D1	CGBE1-NG	D1	rep1	HEK3	99.69914623	0.30085377	36896	36895.0	36784.0	111.0	0.0	0.0	3.0	108.0	0.0	3.0	108.0	0.0	0.0	0.0	0.0
CGBE1-NG_D1	CGBE1-NG	D1	rep1	PDCD1	99.6646951	0.3353049	96050	96032.0	95710.0	322.0	0.0	5.0	6.0	311.0	5.0	6.0	311.0	0.0	0.0	0.0	0.0
CGBE1-NG_D1	CGBE1-NG	D1	rep1	B2M	99.43468232	0.56531768	119266	119225.0	118551.0	674.0	0.0	0.0	12.0	665.0	0.0	9.0	662.0	0.0	0.0	3.0	0.0
CGBE1-NG_D1	CGBE1-NG	D1	rep2	HEK3	99.63936498	0.36063502	26897	26897.0	26800.0	97.0	0.0	1.0	3.0	93.0	1.0	3.0	93.0	0.0	0.0	0.0	0.0
CGBE1-NG_D1	CGBE1-NG	D1	rep2	PDCD1	99.70673726	0.29326274	38548	38532.0	38419.0	113.0	0.0	2.0	5.0	106.0	2.0	5.0	106.0	0.0	0.0	0.0	0.0
CGBE1-NG_D1	CGBE1-NG	D1	rep2	B2M	99.42631341	0.57368659	42022	42009.0	41768.0	241.0	0.0	0.0	6.0	235.0	0.0	6.0	235.0	0.0	0.0	0.0	0.0
CGBE1-NG_D1	CGBE1-NG	D1	rep3	HEK3	99.77396022	0.22603978	15484	15484.0	15449.0	35.0	0.0	0.0	2.0	33.0	0.0	2.0	33.0	0.0	0.0	0.0	0.0
CGBE1-NG_D1	CGBE1-NG	D1	rep3	PDCD1	99.73111436	0.26888564	62867	62852.0	62683.0	169.0	0.0	0.0	9.0	160.0	0.0	9.0	160.0	0.0	0.0	0.0	0.0
CGBE1-NG_D1	CGBE1-NG	D1	rep3	B2M	99.43318073	0.56681927	36703	36696.0	36488.0	208.0	0.0	0.0	4.0	205.0	0.0	3.0	204.0	0.0	0.0	1.0	0.0
CGBE1-NG_D2	CGBE1-NG	D2	rep1	HEK3	99.56585545	0.43414455	16354	16354.0	16283.0	71.0	0.0	0.0	6.0	65.0	0.0	6.0	65.0	0.0	0.0	0.0	0.0
CGBE1-NG_D2	CGBE1-NG	D2	rep1	PDCD1	99.69488701	0.30511299	96046	96030.0	95737.0	293.0	0.0	0.0	6.0	287.0	0.0	6.0	287.0	0.0	0.0	0.0	0.0
CGBE1-NG_D2	CGBE1-NG	D2	rep1	B2M	99.15441571	0.84558429	46615	46595.0	46201.0	394.0	0.0	0.0	21.0	373.0	0.0	21.0	373.0	0.0	0.0	0.0	0.0
CGBE1-NG_D2	CGBE1-NG	D2	rep2	HEK3	99.56618347	0.43381653	9451	9451.0	9410.0	41.0	0.0	0.0	5.0	36.0	0.0	5.0	36.0	0.0	0.0	0.0	0.0
CGBE1-NG_D2	CGBE1-NG	D2	rep2	PDCD1	99.68320579	0.31679421	48627	48612.0	48458.0	154.0	0.0	9.0	4.0	141.0	9.0	4.0	141.0	0.0	0.0	0.0	0.0
CGBE1-NG_D2	CGBE1-NG	D2	rep2	B2M	99.12852536	0.87147464	14579	14573.0	14446.0	127.0	0.0	0.0	6.0	124.0	0.0	3.0	121.0	0.0	0.0	3.0	0.0
CGBE1-NG_D2	CGBE1-NG	D2	rep3	HEK3	99.68900578	0.31099422	104183	104182.0	103858.0	324.0	0.0	0.0	17.0	307.0	0.0	17.0	307.0	0.0	0.0	0.0	0.0
CGBE1-NG_D2	CGBE1-NG	D2	rep3	PDCD1	99.73498683	0.26501317	58886	58865.0	58709.0	156.0	0.0	0.0	9.0	147.0	0.0	9.0	147.0	0.0	0.0	0.0	0.0
CGBE1-NG_D2	CGBE1-NG	D2	rep3	B2M	99.24178602	0.75821398	66489	66472.0	65968.0	504.0	0.0	6.0	28.0	483.0	6.0	15.0	470.0	0.0	0.0	13.0	0.0
CGBE1-NG_D3	CGBE1-NG	D3	rep1	HEK3	99.66075911	0.33924089	65736	65735.0	65512.0	223.0	0.0	0.0	9.0	214.0	0.0	9.0	214.0	0.0	0.0	0.0	0.0
CGBE1-NG_D3	CGBE1-NG	D3	rep1	PDCD1	99.64439581	0.35560419	43877	43869.0	43713.0	156.0	0.0	0.0	8.0	148.0	0.0	8.0	148.0	0.0	0.0	0.0	0.0
CGBE1-NG_D3	CGBE1-NG	D3	rep1	B2M	98.65991895	1.34008105	102203	102158.0	100789.0	1369.0	0.0	52.0	101.0	1221.0	50.0	98.0	1216.0	0.0	2.0	3.0	0.0
CGBE1-NG_D3	CGBE1-NG	D3	rep2	HEK3	99.68437161	0.31562839	31366	31366.0	31267.0	99.0	0.0	0.0	5.0	94.0	0.0	5.0	94.0	0.0	0.0	0.0	0.0
CGBE1-NG_D3	CGBE1-NG	D3	rep2	PDCD1	99.69291763	0.30708237	87289	87273.0	87005.0	268.0	0.0	0.0	8.0	260.0	0.0	8.0	260.0	0.0	0.0	0.0	0.0
CGBE1-NG_D3	CGBE1-NG	D3	rep2	B2M	98.86727882	1.13272118	41504	41493.0	41023.0	470.0	0.0	3.0	30.0	440.0	3.0	27.0	437.0	0.0	0.0	3.0	0.0
CGBE1-NG_D3	CGBE1-NG	D3	rep3	HEK3	99.60442858	0.39557142	43987	43987.0	43813.0	174.0	0.0	1.0	5.0	168.0	1.0	5.0	168.0	0.0	0.0	0.0	0.0
CGBE1-NG_D3	CGBE1-NG	D3	rep3	PDCD1	99.69559003	0.30440997	75565	75556.0	75326.0	230.0	0.0	1.0	10.0	219.0	1.0	10.0	219.0	0.0	0.0	0.0	0.0
CGBE1-NG_D3	CGBE1-NG	D3	rep3	B2M	98.72976729	1.27023271	51110	51093.0	50444.0	649.0	0.0	8.0	27.0	623.0	8.0	18.0	614.0	0.0	0.0	9.0	0.0
CGBE1-NG_D4	CGBE1-NG	D4	rep1	HEK3	99.42728529	0.57271471	44874	44874.0	44617.0	257.0	0.0	2.0	10.0	245.0	2.0	10.0	245.0	0.0	0.0	0.0	0.0
CGBE1-NG_D4	CGBE1-NG	D4	rep1	PDCD1	99.62304685	0.37695315	149903	149886.0	149321.0	565.0	0.0	2.0	14.0	549.0	2.0	14.0	549.0	0.0	0.0	0.0	0.0
CGBE1-NG_D4	CGBE1-NG	D4	rep1	B2M	97.44122683	2.55877317	92902	92857.0	90481.0	2376.0	0.0	83.0	156.0	2172.0	82.0	122.0	2137.0	0.0	1.0	34.0	0.0
CGBE1-NG_D4	CGBE1-NG	D4	rep2	HEK3	99.59033762	0.40966238	14158	14158.0	14100.0	58.0	0.0	0.0	3.0	55.0	0.0	3.0	55.0	0.0	0.0	0.0	0.0
CGBE1-NG_D4	CGBE1-NG	D4	rep2	PDCD1	99.70811881	0.29188119	79839	79827.0	79594.0	233.0	0.0	0.0	6.0	227.0	0.0	6.0	227.0	0.0	0.0	0.0	0.0
CGBE1-NG_D4	CGBE1-NG	D4	rep2	B2M	97.5578452	2.4421548	28059	28049.0	27364.0	685.0	0.0	14.0	56.0	634.0	14.0	37.0	615.0	0.0	0.0	19.0	0.0
CGBE1-NG_D4	CGBE1-NG	D4	rep3	HEK3	99.54392173	0.45607827	222111	222111.0	221098.0	1013.0	0.0	6.0	34.0	980.0	6.0	27.0	973.0	0.0	0.0	7.0	0.0
CGBE1-NG_D4	CGBE1-NG	D4	rep3	PDCD1	99.6380866	0.3619134	99206	99195.0	98836.0	359.0	0.0	3.0	7.0	349.0	3.0	7.0	349.0	0.0	0.0	0.0	0.0
CGBE1-NG_D4	CGBE1-NG	D4	rep3	B2M	97.6114545	2.3885455	60855	60832.0	59379.0	1453.0	0.0	38.0	83.0	1344.0	38.0	71.0	1332.0	0.0	0.0	12.0	0.0
CGBE1-NG_D5	CGBE1-NG	D5	rep1	HEK3	99.50328634	0.49671366	39862	39862.0	39664.0	198.0	0.0	0.0	10.0	189.0	0.0	9.0	188.0	0.0	0.0	1.0	0.0
CGBE1-NG_D5	CGBE1-NG	D5	rep1	PDCD1	99.60608027	0.39391973	43164	43156.0	42986.0	170.0	0.0	5.0	4.0	161.0	5.0	4.0	161.0	0.0	0.0	0.0	0.0
CGBE1-NG_D5	CGBE1-NG	D5	rep1	B2M	96.73830737	3.26169263	124183	124138.0	120089.0	4049.0	0.0	133.0	358.0	3656.0	132.0	261.0	3559.0	0.0	0.0	96.0	1.0
CGBE1-NG_D5	CGBE1-NG	D5	rep2	HEK3	99.53433799	0.46566201	27273	27273.0	27146.0	127.0	0.0	4.0	8.0	115.0	4.0	8.0	115.0	0.0	0.0	0.0	0.0
CGBE1-NG_D5	CGBE1-NG	D5	rep2	PDCD1	99.65476811	0.34523189	92126	92112.0	91794.0	318.0	0.0	0.0	20.0	299.0	0.0	19.0	298.0	0.0	0.0	1.0	0.0
CGBE1-NG_D5	CGBE1-NG	D5	rep2	B2M	96.98201681	3.01798319	40107	40093.0	38883.0	1210.0	0.0	42.0	77.0	1100.0	42.0	68.0	1091.0	0.0	0.0	9.0	0.0
CGBE1-NG_D5	CGBE1-NG	D5	rep3	HEK3	99.54401093	0.45598907	56361	56361.0	56104.0	257.0	0.0	1.0	13.0	243.0	1.0	13.0	243.0	0.0	0.0	0.0	0.0
CGBE1-NG_D5	CGBE1-NG	D5	rep3	PDCD1	99.64344771	0.35655229	38708	38704.0	38566.0	138.0	0.0	0.0	3.0	135.0	0.0	3.0	135.0	0.0	0.0	0.0	0.0
CGBE1-NG_D5	CGBE1-NG	D5	rep3	B2M	97.9349061	2.0650939	44904	44889.0	43962.0	927.0	0.0	39.0	72.0	826.0	37.0	64.0	817.0	0.0	1.0	7.0	1.0
CGBE1_D0	CGBE1	D0	rep1	HEK3	99.70382849	0.29617151	36803	36803.0	36694.0	109.0	0.0	0.0	2.0	107.0	0.0	2.0	107.0	0.0	0.0	0.0	0.0
CGBE1_D0	CGBE1	D0	rep1	PDCD1	99.66514654	0.33485346	94085	94071.0	93756.0	315.0	0.0	0.0	12.0	303.0	0.0	12.0	303.0	0.0	0.0	0.0	0.0
CGBE1_D0	CGBE1	D0	rep1	B2M	99.50919271	0.49080729	125976	125915.0	125297.0	618.0	0.0	0.0	8.0	610.0	0.0	8.0	610.0	0.0	0.0	0.0	0.0
CGBE1_D0	CGBE1	D0	rep2	HEK3	99.72260329	0.27739671	99136	99136.0	98861.0	275.0	0.0	0.0	14.0	261.0	0.0	14.0	261.0	0.0	0.0	0.0	0.0
CGBE1_D0	CGBE1	D0	rep2	PDCD1	99.71824617	0.28175383	57504	57497.0	57335.0	162.0	0.0	1.0	7.0	154.0	1.0	7.0	154.0	0.0	0.0	0.0	0.0
CGBE1_D0	CGBE1	D0	rep2	B2M	99.48128859	0.51871141	47647	47618.0	47371.0	247.0	0.0	0.0	4.0	244.0	0.0	3.0	243.0	0.0	0.0	1.0	0.0
CGBE1_D0	CGBE1	D0	rep3	HEK3	99.71426604	0.28573396	29048	29048.0	28965.0	83.0	0.0	0.0	2.0	81.0	0.0	2.0	81.0	0.0	0.0	0.0	0.0
CGBE1_D0	CGBE1	D0	rep3	PDCD1	99.69583185	0.30416815	47680	47671.0	47526.0	145.0	0.0	1.0	4.0	140.0	1.0	4.0	140.0	0.0	0.0	0.0	0.0
CGBE1_D0	CGBE1	D0	rep3	B2M	99.58047917	0.41952083	30523	30511.0	30383.0	128.0	0.0	0.0	1.0	127.0	0.0	1.0	127.0	0.0	0.0	0.0	0.0
CGBE1_D1	CGBE1	D1	rep1	HEK3	98.61677247	1.38322753	14965	14965.0	14758.0	207.0	0.0	0.0	7.0	202.0	0.0	5.0	200.0	0.0	0.0	2.0	0.0
CGBE1_D1	CGBE1	D1	rep1	PDCD1	99.46890526	0.53109474	81727	81718.0	81284.0	434.0	0.0	0.0	7.0	427.0	0.0	7.0	427.0	0.0	0.0	0.0	0.0
CGBE1_D1	CGBE1	D1	rep1	B2M	97.52796697	2.47203303	56697	56674.0	55273.0	1401.0	0.0	46.0	56.0	1317.0	36.0	48.0	1306.0	0.0	3.0	1.0	7.0
CGBE1_D1	CGBE1	D1	rep2	HEK3	98.52787386	1.47212614	12431	12431.0	12248.0	183.0	0.0	0.0	14.0	169.0	0.0	14.0	169.0	0.0	0.0	0.0	0.0
CGBE1_D1	CGBE1	D1	rep2	PDCD1	99.45821931	0.54178069	36187	36177.0	35981.0	196.0	0.0	1.0	9.0	186.0	1.0	9.0	186.0	0.0	0.0	0.0	0.0
CGBE1_D1	CGBE1	D1	rep2	B2M	89.60207239	10.39792761	13899	13897.0	12452.0	1445.0	0.0	36.0	83.0	1350.0	35.0	60.0	1327.0	0.0	0.0	22.0	1.0
CGBE1_D1	CGBE1	D1	rep3	HEK3	91.01510553	8.98489447	58654	58654.0	53384.0	5270.0	0.0	47.0	278.0	4958.0	47.0	265.0	4945.0	0.0	0.0	13.0	0.0
CGBE1_D1	CGBE1	D1	rep3	PDCD1	99.54834354	0.45165646	42970	42953.0	42759.0	194.0	0.0	0.0	8.0	186.0	0.0	8.0	186.0	0.0	0.0	0.0	0.0
CGBE1_D1	CGBE1	D1	rep3	B2M	96.90957338	3.09042662	49009	48990.0	47476.0	1514.0	0.0	41.0	83.0	1402.0	40.0	72.0	1391.0	0.0	0.0	10.0	1.0
CGBE1_D2	CGBE1	D2	rep1	HEK3	91.0738255	8.9261745	28310	28310.0	25783.0	2527.0	0.0	38.0	171.0	2336.0	34.0	157.0	2318.0	0.0	4.0	14.0	0.0
CGBE1_D2	CGBE1	D2	rep1	PDCD1	98.40107153	1.59892847	119477	119455.0	117545.0	1910.0	0.0	3.0	79.0	1859.0	3.0	48.0	1828.0	0.0	0.0	31.0	0.0
CGBE1_D2	CGBE1	D2	rep1	B2M	93.98041525	6.01958475	56897	56881.0	53457.0	3424.0	0.0	68.0	169.0	3228.0	63.0	133.0	3187.0	0.0	5.0	36.0	0.0
CGBE1_D2	CGBE1	D2	rep2	HEK3	91.00969543	8.99030457	10211	10211.0	9293.0	918.0	0.0	14.0	70.0	844.0	13.0	61.0	834.0	0.0	1.0	9.0	0.0
CGBE1_D2	CGBE1	D2	rep2	PDCD1	97.96974008	2.03025992	54141	54131.0	53032.0	1099.0	0.0	7.0	40.0	1055.0	7.0	37.0	1052.0	0.0	0.0	3.0	0.0
CGBE1_D2	CGBE1	D2	rep2	B2M	57.01142132	42.98857868	18918	18912.0	10782.0	8130.0	0.0	230.0	437.0	7624.0	197.0	302.0	7475.0	7.0	21.0	123.0	5.0
CGBE1_D2	CGBE1	D2	rep3	HEK3	88.84299269	11.15700731	189075	189074.0	167979.0	21095.0	0.0	230.0	1385.0	19767.0	210.0	1118.0	19480.0	0.0	20.0	267.0	0.0
CGBE1_D2	CGBE1	D2	rep3	PDCD1	98.15850012	1.84149988	86961	86940.0	85339.0	1601.0	0.0	3.0	48.0	1564.0	3.0	34.0	1550.0	0.0	0.0	14.0	0.0
CGBE1_D2	CGBE1	D2	rep3	B2M	95.31653278	4.68346722	68982	68966.0	65736.0	3230.0	0.0	56.0	177.0	3049.0	53.0	128.0	2999.0	0.0	1.0	47.0	2.0
CGBE1_D3	CGBE1	D3	rep1	HEK3	98.43404214	1.56595786	41572	41572.0	40921.0	651.0	0.0	11.0	28.0	615.0	11.0	25.0	612.0	0.0	0.0	3.0	0.0
CGBE1_D3	CGBE1	D3	rep1	PDCD1	99.49133476	0.50866524	184026	184011.0	183075.0	936.0	0.0	3.0	35.0	899.0	3.0	34.0	898.0	0.0	0.0	1.0	0.0
CGBE1_D3	CGBE1	D3	rep1	B2M	86.07332038	13.92667962	52493	52482.0	45173.0	7309.0	0.0	261.0	303.0	6839.0	243.0	227.0	6745.0	0.0	18.0	76.0	0.0
CGBE1_D3	CGBE1	D3	rep2	HEK3	81.46379119	18.53620881	20727	20727.0	16885.0	3842.0	0.0	49.0	203.0	3628.0	44.0	166.0	3594.0	4.0	1.0	33.0	0.0
CGBE1_D3	CGBE1	D3	rep2	PDCD1	91.67024474	8.32975526	69878	69870.0	64050.0	5820.0	0.0	53.0	207.0	5612.0	50.0	158.0	5562.0	0.0	1.0	47.0	2.0
CGBE1_D3	CGBE1	D3	rep2	B2M	47.3035524	52.6964476	54460	54442.0	25753.0	28689.0	0.0	813.0	1649.0	26710.0	748.0	1225.0	26235.0	6.0	57.0	416.0	2.0
CGBE1_D3	CGBE1	D3	rep3	HEK3	89.31398305	10.68601695	118380	118379.0	105729.0	12650.0	0.0	130.0	766.0	11881.0	118.0	651.0	11757.0	0.0	9.0	112.0	3.0
CGBE1_D3	CGBE1	D3	rep3	PDCD1	97.09920815	2.90079185	75025	75014.0	72838.0	2176.0	0.0	10.0	70.0	2118.0	10.0	48.0	2096.0	0.0	0.0	22.0	0.0
CGBE1_D3	CGBE1	D3	rep3	B2M	93.69910618	6.30089382	67925	67911.0	63632.0	4279.0	0.0	157.0	214.0	3979.0	149.0	151.0	3908.0	0.0	8.0	63.0	0.0
CGBE1_D4	CGBE1	D4	rep1	HEK3	81.98040227	18.01959773	29085	29085.0	23844.0	5241.0	0.0	46.0	353.0	4866.0	44.0	331.0	4842.0	0.0	2.0	22.0	0.0
CGBE1_D4	CGBE1	D4	rep1	PDCD1	92.77421508	7.22578492	41954	41947.0	38916.0	3031.0	0.0	19.0	100.0	2924.0	18.0	89.0	2912.0	0.0	1.0	11.0	0.0
CGBE1_D4	CGBE1	D4	rep1	B2M	38.95802789	61.04197211	58688	58658.0	22852.0	35806.0	0.0	971.0	2167.0	33233.0	907.0	1666.0	32669.0	0.0	63.0	500.0	1.0
CGBE1_D4	CGBE1	D4	rep2	HEK3	80.82248974	19.17751026	14371	14371.0	11615.0	2756.0	0.0	33.0	152.0	2598.0	29.0	129.0	2572.0	0.0	3.0	22.0	1.0
CGBE1_D4	CGBE1	D4	rep2	PDCD1	91.83837711	8.16162289	72079	72069.0	66187.0	5882.0	0.0	25.0	178.0	5731.0	23.0	128.0	5679.0	0.0	2.0	50.0	0.0
CGBE1_D4	CGBE1	D4	rep2	B2M	32.51040799	67.48959201	24026	24020.0	7809.0	16211.0	0.0	439.0	926.0	15154.0	387.0	670.0	14850.0	0.0	48.0	252.0	4.0
CGBE1_D4	CGBE1	D4	rep3	HEK3	81.82036953	18.17963047	224395	224394.0	183600.0	40794.0	0.0	485.0	2357.0	38273.0	464.0	2057.0	37952.0	0.0	21.0	300.0	0.0
CGBE1_D4	CGBE1	D4	rep3	PDCD1	93.02103385	6.97896615	71192	71171.0	66204.0	4967.0	0.0	25.0	218.0	4803.0	25.0	139.0	4724.0	0.0	0.0	79.0	0.0
CGBE1_D4	CGBE1	D4	rep3	B2M	38.74829573	61.25170427	113729	113685.0	44051.0	69634.0	0.0	1953.0	3894.0	64800.0	1767.0	3067.0	63841.0	0.0	132.0	773.0	54.0
CGBE1_D5	CGBE1	D5	rep1	HEK3	80.53003534	19.46996466	25470	25470.0	20511.0	4959.0	0.0	55.0	265.0	4662.0	53.0	244.0	4639.0	0.0	2.0	21.0	0.0
CGBE1_D5	CGBE1	D5	rep1	PDCD1	94.80678109	5.19321891	94985	94970.0	90038.0	4932.0	0.0	17.0	120.0	4822.0	13.0	97.0	4795.0	0.0	4.0	23.0	0.0
CGBE1_D5	CGBE1	D5	rep1	B2M	37.5726006	62.4273994	153652	153580.0	57704.0	95876.0	0.0	2592.0	5148.0	89665.0	2342.0	3857.0	88158.0	12.0	228.0	1269.0	10.0
CGBE1_D5	CGBE1	D5	rep2	HEK3	83.86312034	16.13687966	30830	30830.0	25855.0	4975.0	0.0	70.0	274.0	4661.0	66.0	248.0	4632.0	0.0	3.0	25.0	1.0
CGBE1_D5	CGBE1	D5	rep2	PDCD1	94.74190997	5.25809003	87254	87237.0	82650.0	4587.0	0.0	29.0	165.0	4427.0	29.0	131.0	4393.0	0.0	0.0	34.0	0.0
CGBE1_D5	CGBE1	D5	rep2	B2M	37.17604147	62.82395853	41684	41672.0	15492.0	26180.0	0.0	730.0	1474.0	24405.0	661.0	1112.0	23982.0	2.0	63.0	356.0	4.0
CGBE1_D5	CGBE1	D5	rep3	HEK3	87.05141992	12.94858008	50214	50214.0	43712.0	6502.0	0.0	64.0	384.0	6095.0	60.0	347.0	6055.0	0.0	3.0	36.0	1.0
CGBE1_D5	CGBE1	D5	rep3	PDCD1	94.77458527	5.22541473	41841	41834.0	39648.0	2186.0	0.0	12.0	76.0	2121.0	7.0	58.0	2098.0	0.0	5.0	18.0	0.0
CGBE1_D5	CGBE1	D5	rep3	B2M	37.17213115	62.82786885	7322	7320.0	2721.0	4599.0	0.0	113.0	249.0	4313.0	99.0	185.0	4239.0	2.0	12.0	62.0	0.0
SPACE-deltaCBE_D0	SPACE-deltaCBE	D0	rep1	HEK3			0														
SPACE-deltaCBE_D0	SPACE-deltaCBE	D0	rep1	PDCD1			0														
SPACE-deltaCBE_D0	SPACE-deltaCBE	D0	rep1	B2M			0														
SPACE-deltaCBE_D0	SPACE-deltaCBE	D0	rep2	HEK3			0														
SPACE-deltaCBE_D0	SPACE-deltaCBE	D0	rep2	PDCD1			0														
SPACE-deltaCBE_D0	SPACE-deltaCBE	D0	rep2	B2M			0														
SPACE-deltaCBE_D0	SPACE-deltaCBE	D0	rep3	HEK3			0														
SPACE-deltaCBE_D0	SPACE-deltaCBE	D0	rep3	PDCD1			0														
SPACE-deltaCBE_D0	SPACE-deltaCBE	D0	rep3	B2M			0														
SPACE-deltaCBE_D1	SPACE-deltaCBE	D1	rep1	HEK3	97.8812891	2.1187109	19021	19021.0	18618.0	403.0	0.0	0.0	4.0	399.0	0.0	4.0	399.0	0.0	0.0	0.0	0.0
SPACE-deltaCBE_D1	SPACE-deltaCBE	D1	rep1	PDCD1	99.66086018	0.33913982	58397	58383.0	58185.0	198.0	0.0	1.0	4.0	194.0	1.0	3.0	193.0	0.0	0.0	1.0	0.0
SPACE-deltaCBE_D1	SPACE-deltaCBE	D1	rep1	B2M	99.44627588	0.55372412	77685	77656.0	77226.0	430.0	0.0	0.0	4.0	426.0	0.0	4.0	426.0	0.0	0.0	0.0	0.0
SPACE-deltaCBE_D1	SPACE-deltaCBE	D1	rep2	HEK3	98.42420655	1.57579345	13517	13517.0	13304.0	213.0	0.0	0.0	1.0	212.0	0.0	1.0	212.0	0.0	0.0	0.0	0.0
SPACE-deltaCBE_D1	SPACE-deltaCBE	D1	rep2	PDCD1	99.65024557	0.34975443	40324	40314.0	40173.0	141.0	0.0	0.0	3.0	138.0	0.0	3.0	138.0	0.0	0.0	0.0	0.0
SPACE-deltaCBE_D1	SPACE-deltaCBE	D1	rep2	B2M	99.56128882	0.43871118	34425	34419.0	34268.0	151.0	0.0	0.0	3.0	148.0	0.0	3.0	148.0	0.0	0.0	0.0	0.0
SPACE-deltaCBE_D1	SPACE-deltaCBE	D1	rep3	HEK3	98.48297453	1.51702547	51746	51746.0	50961.0	785.0	0.0	0.0	6.0	779.0	0.0	6.0	779.0	0.0	0.0	0.0	0.0
SPACE-deltaCBE_D1	SPACE-deltaCBE	D1	rep3	PDCD1	99.62862052	0.37137948	57641	57623.0	57409.0	214.0	0.0	1.0	5.0	210.0	1.0	3.0	208.0	0.0	0.0	2.0	0.0
SPACE-deltaCBE_D1	SPACE-deltaCBE	D1	rep3	B2M	99.48314607	0.51685393	22254	22250.0	22135.0	115.0	0.0	0.0	2.0	113.0	0.0	2.0	113.0	0.0	0.0	0.0	0.0
SPACE-deltaCBE_D2	SPACE-deltaCBE	D2	rep1	HEK3	97.83329085	2.16670915	27461	27461.0	26866.0	595.0	0.0	0.0	5.0	590.0	0.0	5.0	590.0	0.0	0.0	0.0	0.0
SPACE-deltaCBE_D2	SPACE-deltaCBE	D2	rep1	PDCD1	99.54136182	0.45863818	100738	100733.0	100271.0	462.0	0.0	1.0	15.0	448.0	1.0	13.0	446.0	0.0	0.0	2.0	0.0
SPACE-deltaCBE_D2	SPACE-deltaCBE	D2	rep1	B2M	99.46026444	0.53973556	116218	116168.0	115541.0	627.0	0.0	0.0	14.0	613.0	0.0	14.0	613.0	0.0	0.0	0.0	0.0
SPACE-deltaCBE_D2	SPACE-deltaCBE	D2	rep2	HEK3	97.11324334	2.88675666	36373	36373.0	35323.0	1050.0	0.0	4.0	8.0	1040.0	4.0	6.0	1038.0	0.0	0.0	2.0	0.0
SPACE-deltaCBE_D2	SPACE-deltaCBE	D2	rep2	PDCD1	99.53221159	0.46778841	56229	56222.0	55959.0	263.0	0.0	0.0	3.0	260.0	0.0	3.0	260.0	0.0	0.0	0.0	0.0
SPACE-deltaCBE_D2	SPACE-deltaCBE	D2	rep2	B2M	99.57076066	0.42923934	62690	62669.0	62400.0	269.0	0.0	0.0	5.0	264.0	0.0	5.0	264.0	0.0	0.0	0.0	0.0
SPACE-deltaCBE_D2	SPACE-deltaCBE	D2	rep3	HEK3	97.30106631	2.69893369	117602	117602.0	114428.0	3174.0	0.0	12.0	17.0	3147.0	12.0	15.0	3145.0	0.0	0.0	2.0	0.0
SPACE-deltaCBE_D2	SPACE-deltaCBE	D2	rep3	PDCD1	99.6780986	0.3219014	41323	41317.0	41184.0	133.0	0.0	0.0	3.0	131.0	0.0	2.0	130.0	0.0	0.0	1.0	0.0
SPACE-deltaCBE_D2	SPACE-deltaCBE	D2	rep3	B2M	99.38313914	0.61686086	4382	4377.0	4350.0	27.0	0.0	0.0	0.0	27.0	0.0	0.0	27.0	0.0	0.0	0.0	0.0
SPACE-deltaCBE_D3	SPACE-deltaCBE	D3	rep1	HEK3	99.65917448	0.34082552	111494	111494.0	111114.0	380.0	0.0	0.0	9.0	371.0	0.0	9.0	371.0	0.0	0.0	0.0	0.0
SPACE-deltaCBE_D3	SPACE-deltaCBE	D3	rep1	PDCD1	99.3481295	0.6518705	123964	123951.0	123143.0	808.0	0.0	1.0	11.0	798.0	1.0	9.0	796.0	0.0	0.0	2.0	0.0
SPACE-deltaCBE_D3	SPACE-deltaCBE	D3	rep1	B2M	99.33858679	0.66141321	130381	130327.0	129465.0	862.0	0.0	0.0	15.0	847.0	0.0	15.0	847.0	0.0	0.0	0.0	0.0
SPACE-deltaCBE_D3	SPACE-deltaCBE	D3	rep2	HEK3	96.02464959	3.97535041	16552	16552.0	15894.0	658.0	0.0	2.0	5.0	651.0	2.0	5.0	651.0	0.0	0.0	0.0	0.0
SPACE-deltaCBE_D3	SPACE-deltaCBE	D3	rep2	PDCD1	99.50138854	0.49861146	79231	79220.0	78825.0	395.0	0.0	0.0	7.0	388.0	0.0	7.0	388.0	0.0	0.0	0.0	0.0
SPACE-deltaCBE_D3	SPACE-deltaCBE	D3	rep2	B2M	99.3919978	0.6080022	58085	58059.0	57706.0	353.0	0.0	0.0	3.0	350.0	0.0	3.0	350.0	0.0	0.0	0.0	0.0
SPACE-deltaCBE_D3	SPACE-deltaCBE	D3	rep3	HEK3	96.68079485	3.31920515	18167	18167.0	17564.0	603.0	0.0	0.0	11.0	594.0	0.0	9.0	592.0	0.0	0.0	2.0	0.0
SPACE-deltaCBE_D3	SPACE-deltaCBE	D3	rep3	PDCD1	99.54758713	0.45241287	35815	35808.0	35646.0	162.0	0.0	0.0	7.0	155.0	0.0	7.0	155.0	0.0	0.0	0.0	0.0
SPACE-deltaCBE_D3	SPACE-deltaCBE	D3	rep3	B2M	99.38131221	0.61868779	40908	40893.0	40640.0	253.0	0.0	0.0	6.0	247.0	0.0	6.0	247.0	0.0	0.0	0.0	0.0
SPACE-deltaCBE_D4	SPACE-deltaCBE	D4	rep1	HEK3	94.40860215	5.59139785	3720	3720.0	3512.0	208.0	0.0	1.0	2.0	206.0	0.0	2.0	205.0	0.0	1.0	0.0	0.0
SPACE-deltaCBE_D4	SPACE-deltaCBE	D4	rep1	PDCD1	98.47869762	1.52130238	168752	168737.0	166170.0	2567.0	0.0	0.0	21.0	2549.0	0.0	18.0	2546.0	0.0	0.0	3.0	0.0
SPACE-deltaCBE_D4	SPACE-deltaCBE	D4	rep1	B2M	98.99151481	1.00848519	100671	100646.0	99631.0	1015.0	0.0	0.0	22.0	993.0	0.0	22.0	993.0	0.0	0.0	0.0	0.0
SPACE-deltaCBE_D4	SPACE-deltaCBE	D4	rep2	HEK3	93.63844906	6.36155094	17873	17873.0	16736.0	1137.0	0.0	5.0	2.0	1131.0	4.0	2.0	1130.0	0.0	1.0	0.0	0.0
SPACE-deltaCBE_D4	SPACE-deltaCBE	D4	rep2	PDCD1	98.68832999	1.31167001	67406	67395.0	66511.0	884.0	0.0	0.0	8.0	876.0	0.0	8.0	876.0	0.0	0.0	0.0	0.0
SPACE-deltaCBE_D4	SPACE-deltaCBE	D4	rep2	B2M	99.13670071	0.86329929	71505	71470.0	70853.0	617.0	0.0	0.0	1.0	616.0	0.0	1.0	616.0	0.0	0.0	0.0	0.0
SPACE-deltaCBE_D4	SPACE-deltaCBE	D4	rep3	HEK3	93.68626459	6.31373541	138366	138365.0	129629.0	8736.0	0.0	27.0	55.0	8661.0	20.0	55.0	8654.0	0.0	7.0	0.0	0.0
SPACE-deltaCBE_D4	SPACE-deltaCBE	D4	rep3	PDCD1	99.09389234	0.90610766	81682	81668.0	80928.0	740.0	0.0	0.0	10.0	731.0	0.0	9.0	730.0	0.0	0.0	1.0	0.0
SPACE-deltaCBE_D4	SPACE-deltaCBE	D4	rep3	B2M	98.99368587	1.00631413	10139	10136.0	10034.0	102.0	0.0	0.0	0.0	102.0	0.0	0.0	102.0	0.0	0.0	0.0	0.0
SPACE-deltaCBE_D5	SPACE-deltaCBE	D5	rep1	HEK3	91.7573584	8.2426416	32344	32344.0	29678.0	2666.0	0.0	14.0	3.0	2650.0	14.0	2.0	2649.0	0.0	0.0	1.0	0.0
SPACE-deltaCBE_D5	SPACE-deltaCBE	D5	rep1	PDCD1	98.02093869	1.97906131	73181	73166.0	71718.0	1448.0	0.0	7.0	24.0	1418.0	7.0	23.0	1417.0	0.0	0.0	1.0	0.0
SPACE-deltaCBE_D5	SPACE-deltaCBE	D5	rep1	B2M	98.72794903	1.27205097	144153	144098.0	142265.0	1833.0	0.0	0.0	7.0	1826.0	0.0	7.0	1826.0	0.0	0.0	0.0	0.0
SPACE-deltaCBE_D5	SPACE-deltaCBE	D5	rep2	HEK3	92.20452401	7.79547599	34969	34969.0	32243.0	2726.0	0.0	2.0	15.0	2712.0	2.0	12.0	2709.0	0.0	0.0	3.0	0.0
SPACE-deltaCBE_D5	SPACE-deltaCBE	D5	rep2	PDCD1	98.06536171	1.93463829	70201	70194.0	68836.0	1358.0	0.0	4.0	7.0	1347.0	4.0	7.0	1347.0	0.0	0.0	0.0	0.0
SPACE-deltaCBE_D5	SPACE-deltaCBE	D5	rep2	B2M	98.36532024	1.63467976	17930	17924.0	17631.0	293.0	0.0	0.0	4.0	289.0	0.0	4.0	289.0	0.0	0.0	0.0	0.0
SPACE-deltaCBE_D5	SPACE-deltaCBE	D5	rep3	HEK3	92.84264328	7.15735672	178824	178823.0	166024.0	12799.0	0.0	37.0	102.0	12691.0	28.0	80.0	12660.0	0.0	9.0	22.0	0.0
SPACE-deltaCBE_D5	SPACE-deltaCBE	D5	rep3	PDCD1	98.35875283	1.64124717	68070	68058.0	66941.0	1117.0	0.0	0.0	6.0	1113.0	0.0	4.0	1111.0	0.0	0.0	2.0	0.0
SPACE-deltaCBE_D5	SPACE-deltaCBE	D5	rep3	B2M	98.70681692	1.29318308	5414	5413.0	5343.0	70.0	0.0	0.0	0.0	70.0	0.0	0.0	70.0	0.0	0.0	0.0	0.0
SPACE-NG_D0	SPACE-NG	D0	rep1	HEK3	99.74489796	0.25510204	32144	32144.0	32062.0	82.0	0.0	0.0	5.0	77.0	0.0	5.0	77.0	0.0	0.0	0.0	0.0
SPACE-NG_D0	SPACE-NG	D0	rep1	PDCD1	99.67309293	0.32690707	148983	148972.0	148485.0	487.0	0.0	0.0	16.0	472.0	0.0	15.0	471.0	0.0	0.0	1.0	0.0
SPACE-NG_D0	SPACE-NG	D0	rep1	B2M	99.58362307	0.41637693	117979	117922.0	117431.0	491.0	0.0	0.0	10.0	482.0	0.0	9.0	481.0	0.0	0.0	1.0	0.0
SPACE-NG_D0	SPACE-NG	D0	rep2	HEK3	99.70930233	0.29069767	36465	36464.0	36358.0	106.0	0.0	0.0	1.0	105.0	0.0	1.0	105.0	0.0	0.0	0.0	0.0
SPACE-NG_D0	SPACE-NG	D0	rep2	PDCD1	99.71844645	0.28155355	63938	63931.0	63751.0	180.0	0.0	0.0	4.0	176.0	0.0	4.0	176.0	0.0	0.0	0.0	0.0
SPACE-NG_D0	SPACE-NG	D0	rep2	B2M	99.58131235	0.41868765	43728	43708.0	43525.0	183.0	0.0	0.0	4.0	179.0	0.0	4.0	179.0	0.0	0.0	0.0	0.0
SPACE-NG_D0	SPACE-NG	D0	rep3	HEK3	99.70248803	0.29751197	72266	72266.0	72051.0	215.0	0.0	0.0	4.0	211.0	0.0	4.0	211.0	0.0	0.0	0.0	0.0
SPACE-NG_D0	SPACE-NG	D0	rep3	PDCD1	99.69763566	0.30236434	67806	67799.0	67594.0	205.0	0.0	0.0	6.0	199.0	0.0	6.0	199.0	0.0	0.0	0.0	0.0
SPACE-NG_D0	SPACE-NG	D0	rep3	B2M	99.56993496	0.43006504	65832	65804.0	65521.0	283.0	0.0	0.0	5.0	278.0	0.0	5.0	278.0	0.0	0.0	0.0	0.0
SPACE-NG_D1	SPACE-NG	D1	rep1	HEK3	99.75409378	0.24590622	17893	17893.0	17849.0	44.0	0.0	0.0	1.0	43.0	0.0	1.0	43.0	0.0	0.0	0.0	0.0
SPACE-NG_D1	SPACE-NG	D1	rep1	PDCD1	99.64591303	0.35408697	136992	136972.0	136487.0	485.0	0.0	12.0	14.0	460.0	12.0	13.0	459.0	0.0	0.0	1.0	0.0
SPACE-NG_D1	SPACE-NG	D1	rep1	B2M	99.47883542	0.52116458	56617	56604.0	56309.0	295.0	0.0	0.0	1.0	294.0	0.0	1.0	294.0	0.0	0.0	0.0	0.0
SPACE-NG_D1	SPACE-NG	D1	rep2	HEK3	99.73043858	0.26956142	13726	13726.0	13689.0	37.0	0.0	0.0	0.0	37.0	0.0	0.0	37.0	0.0	0.0	0.0	0.0
SPACE-NG_D1	SPACE-NG	D1	rep2	PDCD1	99.71548368	0.28451632	46752	46746.0	46613.0	133.0	0.0	2.0	5.0	126.0	2.0	5.0	126.0	0.0	0.0	0.0	0.0
SPACE-NG_D1	SPACE-NG	D1	rep2	B2M	99.51534733	0.48465267	15479	15475.0	15400.0	75.0	0.0	0.0	1.0	74.0	0.0	1.0	74.0	0.0	0.0	0.0	0.0
SPACE-NG_D1	SPACE-NG	D1	rep3	HEK3	99.66773249	0.33226751	103832	103832.0	103487.0	345.0	0.0	1.0	21.0	328.0	1.0	16.0	323.0	0.0	0.0	5.0	0.0
SPACE-NG_D1	SPACE-NG	D1	rep3	PDCD1	99.72027972	0.27972028	50772	50765.0	50623.0	142.0	0.0	2.0	5.0	135.0	2.0	5.0	135.0	0.0	0.0	0.0	0.0
SPACE-NG_D1	SPACE-NG	D1	rep3	B2M	99.52504533	0.47495467	140687	140645.0	139977.0	668.0	0.0	0.0	12.0	656.0	0.0	12.0	656.0	0.0	0.0	0.0	0.0
SPACE-NG_D2	SPACE-NG	D2	rep1	HEK3	95.85536834	4.14463166	48787	48786.0	46764.0	2022.0	0.0	0.0	5.0	2017.0	0.0	5.0	2017.0	0.0	0.0	0.0	0.0
SPACE-NG_D2	SPACE-NG	D2	rep1	PDCD1	99.63116328	0.36883672	145883	145864.0	145326.0	538.0	0.0	0.0	20.0	518.0	0.0	20.0	518.0	0.0	0.0	0.0	0.0
SPACE-NG_D2	SPACE-NG	D2	rep1	B2M	99.54480735	0.45519265	139120	139062.0	138429.0	633.0	0.0	0.0	8.0	625.0	0.0	8.0	625.0	0.0	0.0	0.0	0.0
SPACE-NG_D2	SPACE-NG	D2	rep2	HEK3	99.53395473	0.46604527	30040	30040.0	29900.0	140.0	0.0	0.0	6.0	134.0	0.0	6.0	134.0	0.0	0.0	0.0	0.0
SPACE-NG_D2	SPACE-NG	D2	rep2	PDCD1	99.68979692	0.31020308	65451	65441.0	65238.0	203.0	0.0	0.0	9.0	195.0	0.0	8.0	194.0	0.0	0.0	1.0	0.0
SPACE-NG_D2	SPACE-NG	D2	rep2	B2M	99.54011447	0.45988553	49813	49795.0	49566.0	229.0	0.0	0.0	2.0	227.0	0.0	2.0	227.0	0.0	0.0	0.0	0.0
SPACE-NG_D2	SPACE-NG	D2	rep3	HEK3	99.45051895	0.54948105	18017	18017.0	17918.0	99.0	0.0	0.0	1.0	98.0	0.0	1.0	98.0	0.0	0.0	0.0	0.0
SPACE-NG_D2	SPACE-NG	D2	rep3	PDCD1	99.70346941	0.29653059	60711	60702.0	60522.0	180.0	0.0	0.0	7.0	173.0	0.0	7.0	173.0	0.0	0.0	0.0	0.0
SPACE-NG_D2	SPACE-NG	D2	rep3	B2M	99.62729358	0.37270642	17441	17440.0	17375.0	65.0	0.0	0.0	1.0	64.0	0.0	1.0	64.0	0.0	0.0	0.0	0.0
SPACE-NG_D3	SPACE-NG	D3	rep1	HEK3	99.60187464	0.39812536	63799	63799.0	63545.0	254.0	0.0	1.0	5.0	248.0	1.0	5.0	248.0	0.0	0.0	0.0	0.0
SPACE-NG_D3	SPACE-NG	D3	rep1	PDCD1	99.67810995	0.32189005	130811	130790.0	130369.0	421.0	0.0	8.0	13.0	400.0	8.0	13.0	400.0	0.0	0.0	0.0	0.0
SPACE-NG_D3	SPACE-NG	D3	rep1	B2M	99.50019359	0.49980641	28423	28411.0	28269.0	142.0	0.0	0.0	2.0	140.0	0.0	2.0	140.0	0.0	0.0	0.0	0.0
SPACE-NG_D3	SPACE-NG	D3	rep2	HEK3	99.63876095	0.36123905	22146	22146.0	22066.0	80.0	0.0	0.0	3.0	77.0	0.0	3.0	77.0	0.0	0.0	0.0	0.0
SPACE-NG_D3	SPACE-NG	D3	rep2	PDCD1	99.71387003	0.28612997	82502	82480.0	82244.0	236.0	0.0	2.0	5.0	229.0	2.0	5.0	229.0	0.0	0.0	0.0	0.0
SPACE-NG_D3	SPACE-NG	D3	rep2	B2M	99.4682198	0.5317802	15801	15796.0	15712.0	84.0	0.0	0.0	1.0	83.0	0.0	1.0	83.0	0.0	0.0	0.0	0.0
SPACE-NG_D3	SPACE-NG	D3	rep3	HEK3	99.72303964	0.27696036	34662	34662.0	34566.0	96.0	0.0	0.0	0.0	96.0	0.0	0.0	96.0	0.0	0.0	0.0	0.0
SPACE-NG_D3	SPACE-NG	D3	rep3	PDCD1	99.67957168	0.32042832	49321	49309.0	49151.0	158.0	0.0	5.0	1.0	152.0	5.0	1.0	152.0	0.0	0.0	0.0	0.0
SPACE-NG_D3	SPACE-NG	D3	rep3	B2M	99.47827162	0.52172838	80918	80885.0	80463.0	422.0	0.0	0.0	5.0	417.0	0.0	5.0	417.0	0.0	0.0	0.0	0.0
SPACE-NG_D4	SPACE-NG	D4	rep1	HEK3	99.60639718	0.39360282	44207	44207.0	44033.0	174.0	0.0	0.0	4.0	170.0	0.0	4.0	170.0	0.0	0.0	0.0	0.0
SPACE-NG_D4	SPACE-NG	D4	rep1	PDCD1	99.62667124	0.37332876	163140	163127.0	162518.0	609.0	0.0	6.0	15.0	589.0	5.0	15.0	588.0	0.0	1.0	0.0	0.0
SPACE-NG_D4	SPACE-NG	D4	rep1	B2M	99.55061554	0.44938446	79471	79442.0	79085.0	357.0	0.0	0.0	3.0	354.0	0.0	3.0	354.0	0.0	0.0	0.0	0.0
SPACE-NG_D4	SPACE-NG	D4	rep2	HEK3	99.59356031	0.40643969	18945	18945.0	18868.0	77.0	0.0	0.0	2.0	75.0	0.0	2.0	75.0	0.0	0.0	0.0	0.0
SPACE-NG_D4	SPACE-NG	D4	rep2	PDCD1	99.70476773	0.29523227	93162	93147.0	92872.0	275.0	0.0	1.0	13.0	261.0	1.0	13.0	261.0	0.0	0.0	0.0	0.0
SPACE-NG_D4	SPACE-NG	D4	rep2	B2M	99.58047721	0.41952279	26711	26697.0	26585.0	112.0	0.0	0.0	1.0	111.0	0.0	1.0	111.0	0.0	0.0	0.0	0.0
SPACE-NG_D4	SPACE-NG	D4	rep3	HEK3	99.71489665	0.28510335	32269	32269.0	32177.0	92.0	0.0	0.0	1.0	91.0	0.0	1.0	91.0	0.0	0.0	0.0	0.0
SPACE-NG_D4	SPACE-NG	D4	rep3	PDCD1	99.6912114	0.3087886	54736	54730.0	54561.0	169.0	0.0	1.0	4.0	164.0	1.0	4.0	164.0	0.0	0.0	0.0	0.0
SPACE-NG_D4	SPACE-NG	D4	rep3	B2M	99.52262191	0.47737809	65373	65357.0	65045.0	312.0	0.0	0.0	6.0	306.0	0.0	6.0	306.0	0.0	0.0	0.0	0.0
SPACE-NG_D5	SPACE-NG	D5	rep1	HEK3	99.6456857	0.3543143	38384	38384.0	38248.0	136.0	0.0	0.0	6.0	130.0	0.0	6.0	130.0	0.0	0.0	0.0	0.0
SPACE-NG_D5	SPACE-NG	D5	rep1	PDCD1	99.64658265	0.35341735	169510	169488.0	168889.0	599.0	0.0	1.0	14.0	584.0	1.0	14.0	584.0	0.0	0.0	0.0	0.0
SPACE-NG_D5	SPACE-NG	D5	rep1	B2M	99.50006127	0.49993873	81644	81610.0	81202.0	408.0	0.0	0.0	4.0	404.0	0.0	4.0	404.0	0.0	0.0	0.0	0.0
SPACE-NG_D5	SPACE-NG	D5	rep2	HEK3	99.63340589	0.36659411	26187	26187.0	26091.0	96.0	0.0	0.0	1.0	95.0	0.0	1.0	95.0	0.0	0.0	0.0	0.0
SPACE-NG_D5	SPACE-NG	D5	rep2	PDCD1	99.67778507	0.32221493	83800	83795.0	83525.0	270.0	0.0	1.0	21.0	249.0	1.0	20.0	248.0	0.0	0.0	1.0	0.0
SPACE-NG_D5	SPACE-NG	D5	rep2	B2M	99.48861136	0.51138864	65923	65899.0	65562.0	337.0	0.0	0.0	5.0	332.0	0.0	5.0	332.0	0.0	0.0	0.0	0.0
SPACE-NG_D5	SPACE-NG	D5	rep3	HEK3	99.68397677	0.31602323	46832	46832.0	46684.0	148.0	0.0	0.0	11.0	137.0	0.0	11.0	137.0	0.0	0.0	0.0	0.0
SPACE-NG_D5	SPACE-NG	D5	rep3	PDCD1	99.71466585	0.28533415	62395	62383.0	62205.0	178.0	0.0	0.0	4.0	174.0	0.0	4.0	174.0	0.0	0.0	0.0	0.0
SPACE-NG_D5	SPACE-NG	D5	rep3	B2M	99.53792554	0.46207446	67759	67738.0	67425.0	313.0	0.0	0.0	7.0	306.0	0.0	7.0	306.0	0.0	0.0	0.0	0.0
SPACE_D0	SPACE	D0	rep1	HEK3	99.69610547	0.30389453	42778	42778.0	42648.0	130.0	0.0	0.0	5.0	125.0	0.0	5.0	125.0	0.0	0.0	0.0	0.0
SPACE_D0	SPACE	D0	rep1	PDCD1	99.64648192	0.35351808	105239	105228.0	104856.0	372.0	0.0	12.0	14.0	346.0	12.0	14.0	346.0	0.0	0.0	0.0	0.0
SPACE_D0	SPACE	D0	rep1	B2M	99.51296341	0.48703659	123872	123810.0	123207.0	603.0	0.0	0.0	9.0	594.0	0.0	9.0	594.0	0.0	0.0	0.0	0.0
SPACE_D0	SPACE	D0	rep2	HEK3	99.70452724	0.29547276	19968	19968.0	19909.0	59.0	0.0	0.0	0.0	59.0	0.0	0.0	59.0	0.0	0.0	0.0	0.0
SPACE_D0	SPACE	D0	rep2	PDCD1	99.69757554	0.30242446	79039	79028.0	78789.0	239.0	0.0	1.0	7.0	231.0	1.0	7.0	231.0	0.0	0.0	0.0	0.0
SPACE_D0	SPACE	D0	rep2	B2M	99.53262417	0.46737583	59724	59695.0	59416.0	279.0	0.0	0.0	4.0	275.0	0.0	4.0	275.0	0.0	0.0	0.0	0.0
SPACE_D0	SPACE	D0	rep3	HEK3	99.70708476	0.29291524	94908	94908.0	94630.0	278.0	0.0	0.0	10.0	268.0	0.0	10.0	268.0	0.0	0.0	0.0	0.0
SPACE_D0	SPACE	D0	rep3	PDCD1	99.68717199	0.31282801	48597	48589.0	48437.0	152.0	0.0	1.0	4.0	147.0	1.0	4.0	147.0	0.0	0.0	0.0	0.0
SPACE_D0	SPACE	D0	rep3	B2M	99.52836473	0.47163527	37549	37529.0	37352.0	177.0	0.0	0.0	5.0	172.0	0.0	5.0	172.0	0.0	0.0	0.0	0.0
SPACE_D1	SPACE	D1	rep1	HEK3	99.64261109	0.35738891	23224	23224.0	23141.0	83.0	0.0	2.0	9.0	74.0	2.0	7.0	72.0	0.0	0.0	2.0	0.0
SPACE_D1	SPACE	D1	rep1	PDCD1	99.66737998	0.33262002	43001	42992.0	42849.0	143.0	0.0	0.0	3.0	140.0	0.0	3.0	140.0	0.0	0.0	0.0	0.0
SPACE_D1	SPACE	D1	rep1	B2M	99.45351688	0.54648312	62419	62399.0	62058.0	341.0	0.0	25.0	1.0	340.0	0.0	1.0	315.0	0.0	25.0	0.0	0.0
SPACE_D1	SPACE	D1	rep2	HEK3	99.51223686	0.48776314	23372	23372.0	23258.0	114.0	0.0	0.0	12.0	104.0	0.0	10.0	102.0	0.0	0.0	2.0	0.0
SPACE_D1	SPACE	D1	rep2	PDCD1	99.75241334	0.24758666	40002	39986.0	39887.0	99.0	0.0	0.0	1.0	98.0	0.0	1.0	98.0	0.0	0.0	0.0	0.0
SPACE_D1	SPACE	D1	rep2	B2M	99.62168541	0.37831459	28819	28812.0	28703.0	109.0	0.0	0.0	2.0	109.0	0.0	0.0	107.0	0.0	0.0	2.0	0.0
SPACE_D1	SPACE	D1	rep3	HEK3	99.58365676	0.41634324	28342	28342.0	28224.0	118.0	0.0	0.0	7.0	114.0	0.0	4.0	111.0	0.0	0.0	3.0	0.0
SPACE_D1	SPACE	D1	rep3	PDCD1	99.6742671	0.3257329	36849	36840.0	36720.0	120.0	0.0	3.0	2.0	116.0	2.0	2.0	115.0	0.0	1.0	0.0	0.0
SPACE_D1	SPACE	D1	rep3	B2M	99.51038679	0.48961321	71510	71485.0	71135.0	350.0	0.0	0.0	9.0	342.0	0.0	8.0	341.0	0.0	0.0	1.0	0.0
SPACE_D2	SPACE	D2	rep1	HEK3	99.28339818	0.71660182	30840	30840.0	30619.0	221.0	0.0	3.0	16.0	206.0	3.0	12.0	202.0	0.0	0.0	4.0	0.0
SPACE_D2	SPACE	D2	rep1	PDCD1	99.64835347	0.35164653	96695	96688.0	96348.0	340.0	0.0	2.0	7.0	332.0	2.0	6.0	331.0	0.0	0.0	1.0	0.0
SPACE_D2	SPACE	D2	rep1	B2M	99.34309247	0.65690753	59997	59978.0	59584.0	394.0	0.0	9.0	10.0	387.0	1.0	6.0	375.0	0.0	8.0	4.0	0.0
SPACE_D2	SPACE	D2	rep2	HEK3	99.20923941	0.79076059	9611	9611.0	9535.0	76.0	0.0	0.0	10.0	71.0	0.0	5.0	66.0	0.0	0.0	5.0	0.0
SPACE_D2	SPACE	D2	rep2	PDCD1	99.6402669	0.3597331	51714	51705.0	51519.0	186.0	0.0	1.0	3.0	182.0	1.0	3.0	182.0	0.0	0.0	0.0	0.0
SPACE_D2	SPACE	D2	rep2	B2M	99.37454712	0.62545288	52458	52442.0	52114.0	328.0	0.0	17.0	7.0	307.0	17.0	4.0	304.0	0.0	0.0	3.0	0.0
SPACE_D2	SPACE	D2	rep3	HEK3	99.30891563	0.69108437	109538	109538.0	108781.0	757.0	0.0	19.0	85.0	681.0	16.0	60.0	653.0	0.0	3.0	25.0	0.0
SPACE_D2	SPACE	D2	rep3	PDCD1	99.65598089	0.34401911	91285	91274.0	90960.0	314.0	0.0	33.0	10.0	274.0	33.0	7.0	271.0	0.0	0.0	3.0	0.0
SPACE_D2	SPACE	D2	rep3	B2M	99.45127905	0.54872095	51230	51210.0	50929.0	281.0	0.0	0.0	2.0	279.0	0.0	2.0	279.0	0.0	0.0	0.0	0.0
SPACE_D3	SPACE	D3	rep1	HEK3	99.50197695	0.49802305	59435	59435.0	59139.0	296.0	0.0	0.0	6.0	291.0	0.0	5.0	290.0	0.0	0.0	1.0	0.0
SPACE_D3	SPACE	D3	rep1	PDCD1	99.59395327	0.40604673	77340	77331.0	77017.0	314.0	0.0	11.0	15.0	288.0	11.0	15.0	288.0	0.0	0.0	0.0	0.0
SPACE_D3	SPACE	D3	rep1	B2M	99.15604487	0.84395513	86421	86379.0	85650.0	729.0	0.0	23.0	37.0	674.0	22.0	33.0	669.0	0.0	1.0	4.0	0.0
SPACE_D3	SPACE	D3	rep2	HEK3	99.21047372	0.78952628	20012	20012.0	19854.0	158.0	0.0	0.0	10.0	151.0	0.0	7.0	148.0	0.0	0.0	3.0	0.0
SPACE_D3	SPACE	D3	rep2	PDCD1	99.65393661	0.34606339	89295	89290.0	88981.0	309.0	0.0	2.0	9.0	298.0	2.0	9.0	298.0	0.0	0.0	0.0	0.0
SPACE_D3	SPACE	D3	rep2	B2M	99.16036593	0.83963407	23950	23939.0	23738.0	201.0	0.0	0.0	8.0	193.0	0.0	8.0	193.0	0.0	0.0	0.0	0.0
SPACE_D3	SPACE	D3	rep3	HEK3	99.32882401	0.67117599	38291	38291.0	38034.0	257.0	0.0	0.0	27.0	234.0	0.0	23.0	230.0	0.0	0.0	4.0	0.0
SPACE_D3	SPACE	D3	rep3	PDCD1	99.68386747	0.31613253	112622	112611.0	112255.0	356.0	0.0	0.0	23.0	333.0	0.0	23.0	333.0	0.0	0.0	0.0	0.0
SPACE_D3	SPACE	D3	rep3	B2M	99.20135049	0.79864951	85930	85895.0	85209.0	686.0	0.0	8.0	23.0	655.0	8.0	23.0	655.0	0.0	0.0	0.0	0.0
SPACE_D4	SPACE	D4	rep1	HEK3	96.93200663	3.06799337	20502	20502.0	19873.0	629.0	0.0	10.0	110.0	552.0	9.0	68.0	509.0	0.0	1.0	42.0	0.0
SPACE_D4	SPACE	D4	rep1	PDCD1	99.59976572	0.40023428	20491	20488.0	20406.0	82.0	0.0	0.0	2.0	80.0	0.0	2.0	80.0	0.0	0.0	0.0	0.0
SPACE_D4	SPACE	D4	rep1	B2M	98.32891477	1.67108523	46034	46018.0	45249.0	769.0	0.0	48.0	8.0	714.0	48.0	7.0	713.0	0.0	0.0	1.0	0.0
SPACE_D4	SPACE	D4	rep2	HEK3	97.23185744	2.76814256	14703	14703.0	14296.0	407.0	0.0	7.0	49.0	370.0	7.0	30.0	351.0	0.0	0.0	19.0	0.0
SPACE_D4	SPACE	D4	rep2	PDCD1	99.54027438	0.45972562	41338	41329.0	41139.0	190.0	0.0	14.0	6.0	170.0	14.0	6.0	170.0	0.0	0.0	0.0	0.0
SPACE_D4	SPACE	D4	rep2	B2M	99.11562563	0.88437437	19795	19788.0	19613.0	175.0	0.0	12.0	5.0	158.0	12.0	5.0	158.0	0.0	0.0	0.0	0.0
SPACE_D4	SPACE	D4	rep3	HEK3	97.42900369	2.57099631	207547	207546.0	202210.0	5336.0	0.0	91.0	706.0	4854.0	74.0	408.0	4539.0	0.0	17.0	298.0	0.0
SPACE_D4	SPACE	D4	rep3	PDCD1	99.6023379	0.3976621	91542	91535.0	91171.0	364.0	0.0	4.0	23.0	343.0	4.0	17.0	337.0	0.0	0.0	6.0	0.0
SPACE_D4	SPACE	D4	rep3	B2M	99.21089034	0.78910966	63634	63616.0	63114.0	502.0	0.0	23.0	25.0	454.0	23.0	25.0	454.0	0.0	0.0	0.0	0.0
SPACE_D5	SPACE	D5	rep1	HEK3	97.19267844	2.80732156	46165	46165.0	44869.0	1296.0	0.0	9.0	215.0	1148.0	7.0	141.0	1072.0	0.0	2.0	74.0	0.0
SPACE_D5	SPACE	D5	rep1	PDCD1	99.52193366	0.47806634	153349	153326.0	152593.0	733.0	0.0	0.0	36.0	703.0	0.0	30.0	697.0	0.0	0.0	6.0	0.0
SPACE_D5	SPACE	D5	rep1	B2M	98.50665289	1.49334711	77426	77410.0	76254.0	1156.0	0.0	73.0	72.0	1023.0	73.0	60.0	1011.0	0.0	0.0	12.0	0.0
SPACE_D5	SPACE	D5	rep2	HEK3	97.0141417	2.9858583	28568	28568.0	27715.0	853.0	0.0	16.0	131.0	756.0	12.0	83.0	708.0	2.0	2.0	46.0	0.0
SPACE_D5	SPACE	D5	rep2	PDCD1	99.50537005	0.49462995	64902	64897.0	64576.0	321.0	0.0	1.0	29.0	300.0	1.0	20.0	291.0	0.0	0.0	9.0	0.0
SPACE_D5	SPACE	D5	rep2	B2M	98.49934535	1.50065465	29800	29787.0	29340.0	447.0	0.0	28.0	24.0	403.0	27.0	17.0	396.0	0.0	0.0	6.0	1.0
SPACE_D5	SPACE	D5	rep3	HEK3	97.19417453	2.80582547	42091	42091.0	40910.0	1181.0	0.0	22.0	154.0	1084.0	22.0	75.0	1005.0	0.0	0.0	79.0	0.0
SPACE_D5	SPACE	D5	rep3	PDCD1	99.60103394	0.39896606	53398	53388.0	53175.0	213.0	0.0	0.0	24.0	193.0	0.0	20.0	189.0	0.0	0.0	4.0	0.0
SPACE_D5	SPACE	D5	rep3	B2M	98.67666232	1.32333768	46030	46020.0	45411.0	609.0	0.0	45.0	22.0	553.0	40.0	16.0	547.0	0.0	0.0	1.0	5.0
TadCBEd_D0	TadCBEd	D0	rep1	HEK3	99.53150163	0.46849837	20491	20491.0	20395.0	96.0	0.0	0.0	2.0	94.0	0.0	2.0	94.0	0.0	0.0	0.0	0.0
TadCBEd_D0	TadCBEd	D0	rep1	PDCD1	99.6347011	0.3652989	87071	87052.0	86734.0	318.0	0.0	0.0	5.0	313.0	0.0	5.0	313.0	0.0	0.0	0.0	0.0
TadCBEd_D0	TadCBEd	D0	rep1	B2M	99.50609088	0.49390912	99469	99411.0	98920.0	491.0	0.0	0.0	4.0	487.0	0.0	4.0	487.0	0.0	0.0	0.0	0.0
TadCBEd_D0	TadCBEd	D0	rep2	HEK3	99.66241877	0.33758123	11849	11849.0	11809.0	40.0	0.0	0.0	2.0	38.0	0.0	2.0	38.0	0.0	0.0	0.0	0.0
TadCBEd_D0	TadCBEd	D0	rep2	PDCD1	99.74877554	0.25122446	47378	47368.0	47249.0	119.0	0.0	0.0	7.0	112.0	0.0	7.0	112.0	0.0	0.0	0.0	0.0
TadCBEd_D0	TadCBEd	D0	rep2	B2M	99.45962264	0.54037736	33143	33125.0	32946.0	179.0	0.0	0.0	1.0	178.0	0.0	1.0	178.0	0.0	0.0	0.0	0.0
TadCBEd_D0	TadCBEd	D0	rep3	HEK3	99.68011327	0.31988673	152554	152554.0	152066.0	488.0	0.0	0.0	19.0	469.0	0.0	19.0	469.0	0.0	0.0	0.0	0.0
TadCBEd_D0	TadCBEd	D0	rep3	PDCD1	99.71188372	0.28811628	46518	46509.0	46375.0	134.0	0.0	0.0	4.0	130.0	0.0	4.0	130.0	0.0	0.0	0.0	0.0
TadCBEd_D0	TadCBEd	D0	rep3	B2M	99.47251566	0.52748434	70739	70713.0	70340.0	373.0	0.0	0.0	3.0	370.0	0.0	3.0	370.0	0.0	0.0	0.0	0.0
TadCBEd_D1	TadCBEd	D1	rep1	HEK3	99.15939218	0.84060782	3093	3093.0	3067.0	26.0	0.0	0.0	0.0	26.0	0.0	0.0	26.0	0.0	0.0	0.0	0.0
TadCBEd_D1	TadCBEd	D1	rep1	PDCD1	99.65716625	0.34283375	117279	117258.0	116856.0	402.0	0.0	0.0	14.0	388.0	0.0	14.0	388.0	0.0	0.0	0.0	0.0
TadCBEd_D1	TadCBEd	D1	rep1	B2M	99.48099956	0.51900044	67658	67630.0	67279.0	351.0	0.0	0.0	4.0	347.0	0.0	4.0	347.0	0.0	0.0	0.0	0.0
TadCBEd_D1	TadCBEd	D1	rep2	HEK3	99.12484946	0.87515054	12455	12455.0	12346.0	109.0	0.0	0.0	1.0	109.0	0.0	0.0	108.0	0.0	0.0	1.0	0.0
TadCBEd_D1	TadCBEd	D1	rep2	PDCD1	99.71045348	0.28954652	46982	46970.0	46834.0	136.0	0.0	0.0	6.0	130.0	0.0	6.0	130.0	0.0	0.0	0.0	0.0
TadCBEd_D1	TadCBEd	D1	rep2	B2M	99.53584952	0.46415048	40947	40935.0	40745.0	190.0	0.0	0.0	3.0	187.0	0.0	3.0	187.0	0.0	0.0	0.0	0.0
TadCBEd_D1	TadCBEd	D1	rep3	HEK3	98.61237194	1.38762806	53977	53977.0	53228.0	749.0	0.0	3.0	52.0	710.0	3.0	36.0	694.0	0.0	0.0	16.0	0.0
TadCBEd_D1	TadCBEd	D1	rep3	PDCD1	99.70507301	0.29492699	75982	75951.0	75727.0	224.0	0.0	1.0	5.0	219.0	1.0	4.0	218.0	0.0	0.0	1.0	0.0
TadCBEd_D1	TadCBEd	D1	rep3	B2M	99.52521813	0.47478187	40238	40229.0	40038.0	191.0	0.0	0.0	2.0	189.0	0.0	2.0	189.0	0.0	0.0	0.0	0.0
TadCBEd_D2	TadCBEd	D2	rep1	HEK3	95.27627557	4.72372443	42530	42530.0	40521.0	2009.0	0.0	14.0	112.0	1899.0	14.0	96.0	1883.0	0.0	0.0	16.0	0.0
TadCBEd_D2	TadCBEd	D2	rep1	PDCD1	99.62613366	0.37386634	124395	124376.0	123911.0	465.0	0.0	4.0	9.0	452.0	4.0	9.0	452.0	0.0	0.0	0.0	0.0
TadCBEd_D2	TadCBEd	D2	rep1	B2M	99.4406285	0.5593715	135768	135688.0	134929.0	759.0	0.0	6.0	16.0	746.0	6.0	7.0	737.0	0.0	0.0	9.0	0.0
TadCBEd_D2	TadCBEd	D2	rep2	HEK3	95.75330396	4.24669604	17025	17025.0	16302.0	723.0	0.0	0.0	47.0	683.0	0.0	40.0	676.0	0.0	0.0	7.0	0.0
TadCBEd_D2	TadCBEd	D2	rep2	PDCD1	98.71245821	1.28754179	72398	72386.0	71454.0	932.0	0.0	11.0	32.0	903.0	11.0	18.0	889.0	0.0	0.0	14.0	0.0
TadCBEd_D2	TadCBEd	D2	rep2	B2M	99.47571011	0.52428989	45219	45204.0	44967.0	237.0	0.0	0.0	14.0	223.0	0.0	14.0	223.0	0.0	0.0	0.0	0.0
TadCBEd_D2	TadCBEd	D2	rep3	HEK3	96.65170392	3.34829608	43664	43664.0	42202.0	1462.0	0.0	17.0	113.0	1365.0	12.0	85.0	1332.0	0.0	5.0	28.0	0.0
TadCBEd_D2	TadCBEd	D2	rep3	PDCD1	99.63818489	0.36181511	59716	59699.0	59483.0	216.0	0.0	0.0	7.0	209.0	0.0	7.0	209.0	0.0	0.0	0.0	0.0
TadCBEd_D2	TadCBEd	D2	rep3	B2M	99.41593997	0.58406003	24670	24655.0	24511.0	144.0	0.0	0.0	8.0	136.0	0.0	8.0	136.0	0.0	0.0	0.0	0.0
TadCBEd_D3	TadCBEd	D3	rep1	HEK3	83.14969472	16.85030528	14249	14249.0	11848.0	2401.0	0.0	33.0	168.0	2265.0	32.0	104.0	2200.0	0.0	1.0	64.0	0.0
TadCBEd_D3	TadCBEd	D3	rep1	PDCD1	99.51894949	0.48105051	107689	107681.0	107163.0	518.0	0.0	2.0	11.0	505.0	2.0	11.0	505.0	0.0	0.0	0.0	0.0
TadCBEd_D3	TadCBEd	D3	rep1	B2M	99.30700311	0.69299689	109425	109380.0	108622.0	758.0	0.0	23.0	10.0	729.0	23.0	6.0	725.0	0.0	0.0	4.0	0.0
TadCBEd_D3	TadCBEd	D3	rep2	HEK3	89.43734391	10.56265609	40842	40842.0	36528.0	4314.0	0.0	23.0	250.0	4097.0	23.0	194.0	4041.0	0.0	0.0	56.0	0.0
TadCBEd_D3	TadCBEd	D3	rep2	PDCD1	98.3416984	1.6583016	79305	79298.0	77983.0	1315.0	0.0	1.0	32.0	1287.0	1.0	27.0	1282.0	0.0	0.0	5.0	0.0
TadCBEd_D3	TadCBEd	D3	rep2	B2M	99.28195183	0.71804817	38174	38159.0	37885.0	274.0	0.0	6.0	4.0	264.0	6.0	4.0	264.0	0.0	0.0	0.0	0.0
TadCBEd_D3	TadCBEd	D3	rep3	HEK3	90.162319	9.837681	36533	36533.0	32939.0	3594.0	0.0	37.0	256.0	3362.0	34.0	198.0	3301.0	0.0	3.0	58.0	0.0
TadCBEd_D3	TadCBEd	D3	rep3	PDCD1	99.39369583	0.60630417	114480	114464.0	113770.0	694.0	0.0	16.0	11.0	668.0	16.0	10.0	667.0	0.0	0.0	1.0	0.0
TadCBEd_D3	TadCBEd	D3	rep3	B2M	99.2269136	0.7730864	58875	58855.0	58400.0	455.0	0.0	5.0	13.0	437.0	5.0	13.0	437.0	0.0	0.0	0.0	0.0
TadCBEd_D4	TadCBEd	D4	rep1	HEK3	62.03382634	37.96617366	14132	14131.0	8766.0	5365.0	0.0	38.0	346.0	5134.0	26.0	205.0	4981.0	0.0	12.0	141.0	0.0
TadCBEd_D4	TadCBEd	D4	rep1	PDCD1	97.65118917	2.34881083	148996	148969.0	145470.0	3499.0	0.0	32.0	145.0	3392.0	17.0	90.0	3322.0	0.0	15.0	55.0	0.0
TadCBEd_D4	TadCBEd	D4	rep1	B2M	94.38733763	5.61266237	78239	78216.0	73826.0	4390.0	0.0	156.0	105.0	4159.0	139.0	92.0	4129.0	0.0	17.0	13.0	0.0
TadCBEd_D4	TadCBEd	D4	rep2	HEK3	65.06785125	34.93214875	53352	53352.0	34715.0	18637.0	0.0	109.0	1260.0	17727.0	97.0	813.0	17272.0	0.0	8.0	443.0	4.0
TadCBEd_D4	TadCBEd	D4	rep2	PDCD1	97.24027623	2.75972377	78792	78776.0	76602.0	2174.0	0.0	13.0	35.0	2133.0	12.0	29.0	2126.0	0.0	1.0	6.0	0.0
TadCBEd_D4	TadCBEd	D4	rep2	B2M	94.17787231	5.82212769	55493	55478.0	52248.0	3230.0	0.0	100.0	169.0	2998.0	96.0	133.0	2964.0	3.0	1.0	33.0	0.0
TadCBEd_D4	TadCBEd	D4	rep3	HEK3	68.84492951	31.15507049	131940	131940.0	90834.0	41106.0	0.0	327.0	2892.0	38954.0	278.0	1874.0	37887.0	0.0	49.0	1018.0	0.0
TadCBEd_D4	TadCBEd	D4	rep3	PDCD1	96.65711661	3.34288339	91458	91448.0	88391.0	3057.0	0.0	11.0	55.0	3009.0	10.0	38.0	2991.0	0.0	1.0	17.0	0.0
TadCBEd_D4	TadCBEd	D4	rep3	B2M	94.87435513	5.12564487	48080	48072.0	45608.0	2464.0	0.0	92.0	123.0	2268.0	87.0	109.0	2249.0	0.0	5.0	14.0	0.0
TadCBEd_D5	TadCBEd	D5	rep1	HEK3	65.40087265	34.59912735	29336	29336.0	19186.0	10150.0	0.0	65.0	610.0	9635.0	58.0	456.0	9476.0	1.0	6.0	153.0	0.0
TadCBEd_D5	TadCBEd	D5	rep1	PDCD1	97.64873632	2.35126368	140278	140265.0	136967.0	3298.0	0.0	5.0	83.0	3267.0	5.0	26.0	3210.0	0.0	0.0	57.0	0.0
TadCBEd_D5	TadCBEd	D5	rep1	B2M	94.07037916	5.92962084	62369	62348.0	58651.0	3697.0	0.0	95.0	140.0	3501.0	83.0	107.0	3468.0	6.0	6.0	27.0	0.0
TadCBEd_D5	TadCBEd	D5	rep2	HEK3	66.95256074	33.04743926	24368	24368.0	16315.0	8053.0	0.0	71.0	491.0	7633.0	62.0	358.0	7491.0	0.0	9.0	133.0	0.0
TadCBEd_D5	TadCBEd	D5	rep2	PDCD1	97.73309945	2.26690055	59302	59288.0	57944.0	1344.0	0.0	16.0	40.0	1312.0	16.0	16.0	1288.0	0.0	0.0	24.0	0.0
TadCBEd_D5	TadCBEd	D5	rep2	B2M	92.99854658	7.00145342	19970	19953.0	18556.0	1397.0	0.0	43.0	60.0	1300.0	40.0	57.0	1294.0	0.0	3.0	3.0	0.0
TadCBEd_D5	TadCBEd	D5	rep3	HEK3	68.21939786	31.78060214	199461	199455.0	136067.0	63388.0	0.0	349.0	4106.0	60125.0	289.0	2974.0	58940.0	0.0	53.0	1125.0	7.0
TadCBEd_D5	TadCBEd	D5	rep3	PDCD1	97.545953	2.454047	41412	41401.0	40385.0	1016.0	0.0	7.0	26.0	990.0	7.0	19.0	983.0	0.0	0.0	7.0	0.0
TadCBEd_D5	TadCBEd	D5	rep3	B2M	94.13460868	5.86539132	114829	114792.0	108059.0	6733.0	0.0	127.0	278.0	6410.0	112.0	211.0	6328.0	0.0	15.0	67.0	0.0
miniCGBE1-SpRY_D0	miniCGBE1-SpRY	D0	rep1	HEK3	99.67283559	0.32716441	20479	20479.0	20412.0	67.0	0.0	0.0	2.0	65.0	0.0	2.0	65.0	0.0	0.0	0.0	0.0
miniCGBE1-SpRY_D0	miniCGBE1-SpRY	D0	rep1	PDCD1	99.68472689	0.31527311	90733	90715.0	90429.0	286.0	0.0	3.0	6.0	277.0	3.0	6.0	277.0	0.0	0.0	0.0	0.0
miniCGBE1-SpRY_D0	miniCGBE1-SpRY	D0	rep1	B2M	99.6137437	0.3862563	56984	56957.0	56737.0	220.0	0.0	0.0	4.0	216.0	0.0	4.0	216.0	0.0	0.0	0.0	0.0
miniCGBE1-SpRY_D0	miniCGBE1-SpRY	D0	rep2	HEK3	99.636685	0.363315	10184	10184.0	10147.0	37.0	0.0	0.0	4.0	33.0	0.0	4.0	33.0	0.0	0.0	0.0	0.0
miniCGBE1-SpRY_D0	miniCGBE1-SpRY	D0	rep2	PDCD1	99.68603733	0.31396267	51925	51917.0	51754.0	163.0	0.0	0.0	4.0	160.0	0.0	3.0	159.0	0.0	0.0	1.0	0.0
miniCGBE1-SpRY_D0	miniCGBE1-SpRY	D0	rep2	B2M	99.58182778	0.41817222	24638	24631.0	24528.0	103.0	0.0	0.0	3.0	100.0	0.0	3.0	100.0	0.0	0.0	0.0	0.0
miniCGBE1-SpRY_D0	miniCGBE1-SpRY	D0	rep3	HEK3	99.71885173	0.28114827	33790	33790.0	33695.0	95.0	0.0	0.0	6.0	89.0	0.0	6.0	89.0	0.0	0.0	0.0	0.0
miniCGBE1-SpRY_D0	miniCGBE1-SpRY	D0	rep3	PDCD1	99.65563927	0.34436073	33986	33976.0	33859.0	117.0	0.0	1.0	7.0	109.0	1.0	7.0	109.0	0.0	0.0	0.0	0.0
miniCGBE1-SpRY_D0	miniCGBE1-SpRY	D0	rep3	B2M	99.53203744	0.46796256	2779	2778.0	2765.0	13.0	0.0	0.0	0.0	13.0	0.0	0.0	13.0	0.0	0.0	0.0	0.0
miniCGBE1-SpRY_D1	miniCGBE1-SpRY	D1	rep1	HEK3	99.6766557	0.3233443	17319	17319.0	17263.0	56.0	0.0	0.0	1.0	55.0	0.0	1.0	55.0	0.0	0.0	0.0	0.0
miniCGBE1-SpRY_D1	miniCGBE1-SpRY	D1	rep1	PDCD1	99.68708188	0.31291812	46349	46338.0	46193.0	145.0	0.0	0.0	6.0	140.0	0.0	5.0	139.0	0.0	0.0	1.0	0.0
miniCGBE1-SpRY_D1	miniCGBE1-SpRY	D1	rep1	B2M	99.44142455	0.55857545	106740	106700.0	106104.0	596.0	0.0	0.0	11.0	585.0	0.0	11.0	585.0	0.0	0.0	0.0	0.0
miniCGBE1-SpRY_D1	miniCGBE1-SpRY	D1	rep2	HEK3	99.77502812	0.22497188	8001	8001.0	7983.0	18.0	0.0	0.0	1.0	17.0	0.0	1.0	17.0	0.0	0.0	0.0	0.0
miniCGBE1-SpRY_D1	miniCGBE1-SpRY	D1	rep2	PDCD1	99.70513901	0.29486099	33248	33236.0	33138.0	98.0	0.0	0.0	3.0	95.0	0.0	3.0	95.0	0.0	0.0	0.0	0.0
miniCGBE1-SpRY_D1	miniCGBE1-SpRY	D1	rep2	B2M	99.44078947	0.55921053	9123	9120.0	9069.0	51.0	0.0	0.0	0.0	51.0	0.0	0.0	51.0	0.0	0.0	0.0	0.0
miniCGBE1-SpRY_D1	miniCGBE1-SpRY	D1	rep3	HEK3	99.74302813	0.25697187	57983	57983.0	57834.0	149.0	0.0	0.0	4.0	145.0	0.0	4.0	145.0	0.0	0.0	0.0	0.0
miniCGBE1-SpRY_D1	miniCGBE1-SpRY	D1	rep3	PDCD1	99.72345029	0.27654971	53169	53155.0	53008.0	147.0	0.0	0.0	1.0	146.0	0.0	1.0	146.0	0.0	0.0	0.0	0.0
miniCGBE1-SpRY_D1	miniCGBE1-SpRY	D1	rep3	B2M	99.38462686	0.61537314	26819	26813.0	26648.0	165.0	0.0	0.0	2.0	163.0	0.0	2.0	163.0	0.0	0.0	0.0	0.0
miniCGBE1-SpRY_D2	miniCGBE1-SpRY	D2	rep1	HEK3	99.68010237	0.31989763	20319	20319.0	20254.0	65.0	0.0	0.0	1.0	64.0	0.0	1.0	64.0	0.0	0.0	0.0	0.0
miniCGBE1-SpRY_D2	miniCGBE1-SpRY	D2	rep1	PDCD1	99.64894918	0.35105082	107123	107107.0	106731.0	376.0	0.0	1.0	12.0	365.0	1.0	10.0	363.0	0.0	0.0	2.0	0.0
miniCGBE1-SpRY_D2	miniCGBE1-SpRY	D2	rep1	B2M	99.32785016	0.67214984	57902	57874.0	57485.0	389.0	0.0	2.0	13.0	374.0	2.0	13.0	374.0	0.0	0.0	0.0	0.0
miniCGBE1-SpRY_D2	miniCGBE1-SpRY	D2	rep2	HEK3	99.75410429	0.24589571	13827	13827.0	13793.0	34.0	0.0	0.0	1.0	33.0	0.0	1.0	33.0	0.0	0.0	0.0	0.0
miniCGBE1-SpRY_D2	miniCGBE1-SpRY	D2	rep2	PDCD1	99.67857677	0.32142323	40148	40134.0	40005.0	129.0	0.0	0.0	5.0	124.0	0.0	5.0	124.0	0.0	0.0	0.0	0.0
miniCGBE1-SpRY_D2	miniCGBE1-SpRY	D2	rep2	B2M	99.27510978	0.72489022	14349	14347.0	14243.0	104.0	0.0	3.0	2.0	99.0	3.0	2.0	99.0	0.0	0.0	0.0	0.0
miniCGBE1-SpRY_D2	miniCGBE1-SpRY	D2	rep3	HEK3	99.71945232	0.28054768	32794	32793.0	32701.0	92.0	0.0	0.0	1.0	91.0	0.0	1.0	91.0	0.0	0.0	0.0	0.0
miniCGBE1-SpRY_D2	miniCGBE1-SpRY	D2	rep3	PDCD1	99.68699104	0.31300896	39311	39296.0	39173.0	123.0	0.0	0.0	3.0	120.0	0.0	3.0	120.0	0.0	0.0	0.0	0.0
miniCGBE1-SpRY_D2	miniCGBE1-SpRY	D2	rep3	B2M	99.14713175	0.85286825	83506	83483.0	82771.0	712.0	0.0	16.0	19.0	677.0	16.0	19.0	677.0	0.0	0.0	0.0	0.0
miniCGBE1-SpRY_D3	miniCGBE1-SpRY	D3	rep1	HEK3	99.63150622	0.36849378	15197	15197.0	15141.0	56.0	0.0	0.0	1.0	55.0	0.0	1.0	55.0	0.0	0.0	0.0	0.0
miniCGBE1-SpRY_D3	miniCGBE1-SpRY	D3	rep1	PDCD1	99.32005168	0.67994832	44133	44121.0	43821.0	300.0	0.0	0.0	7.0	294.0	0.0	6.0	293.0	0.0	0.0	1.0	0.0
miniCGBE1-SpRY_D3	miniCGBE1-SpRY	D3	rep1	B2M	98.81238221	1.18761779	38745	38733.0	38273.0	460.0	0.0	26.0	36.0	400.0	25.0	35.0	398.0	0.0	1.0	1.0	0.0
miniCGBE1-SpRY_D3	miniCGBE1-SpRY	D3	rep2	HEK3	99.52537735	0.47462265	23387	23387.0	23276.0	111.0	0.0	1.0	4.0	106.0	1.0	4.0	106.0	0.0	0.0	0.0	0.0
miniCGBE1-SpRY_D3	miniCGBE1-SpRY	D3	rep2	PDCD1	99.78616741	0.21383259	42094	42089.0	41999.0	90.0	0.0	1.0	7.0	82.0	1.0	7.0	82.0	0.0	0.0	0.0	0.0
miniCGBE1-SpRY_D3	miniCGBE1-SpRY	D3	rep2	B2M	98.87945813	1.12054187	23927	23917.0	23649.0	268.0	0.0	16.0	3.0	249.0	16.0	3.0	249.0	0.0	0.0	0.0	0.0
miniCGBE1-SpRY_D3	miniCGBE1-SpRY	D3	rep3	HEK3	99.73350808	0.26649192	22890	22890.0	22829.0	61.0	0.0	0.0	1.0	60.0	0.0	1.0	60.0	0.0	0.0	0.0	0.0
miniCGBE1-SpRY_D3	miniCGBE1-SpRY	D3	rep3	PDCD1	99.69777526	0.30222474	98939	98933.0	98634.0	299.0	0.0	0.0	8.0	291.0	0.0	8.0	291.0	0.0	0.0	0.0	0.0
miniCGBE1-SpRY_D3	miniCGBE1-SpRY	D3	rep3	B2M	98.92364484	1.07635516	25747	25735.0	25458.0	277.0	0.0	6.0	9.0	266.0	5.0	6.0	262.0	0.0	1.0	3.0	0.0
miniCGBE1-SpRY_D4	miniCGBE1-SpRY	D4	rep1	HEK3	99.57231957	0.42768043	16835	16835.0	16763.0	72.0	0.0	0.0	2.0	70.0	0.0	2.0	70.0	0.0	0.0	0.0	0.0
miniCGBE1-SpRY_D4	miniCGBE1-SpRY	D4	rep1	PDCD1	99.5716778	0.4283222	83129	83115.0	82759.0	356.0	0.0	0.0	13.0	343.0	0.0	13.0	343.0	0.0	0.0	0.0	0.0
miniCGBE1-SpRY_D4	miniCGBE1-SpRY	D4	rep1	B2M	96.70826886	3.29173114	59472	59452.0	57495.0	1957.0	0.0	76.0	72.0	1822.0	74.0	61.0	1809.0	0.0	2.0	11.0	0.0
miniCGBE1-SpRY_D4	miniCGBE1-SpRY	D4	rep2	HEK3	99.35705936	0.64294064	15398	15398.0	15299.0	99.0	0.0	1.0	13.0	96.0	1.0	2.0	85.0	0.0	0.0	11.0	0.0
miniCGBE1-SpRY_D4	miniCGBE1-SpRY	D4	rep2	PDCD1	99.64606342	0.35393658	77433	77415.0	77141.0	274.0	0.0	0.0	10.0	264.0	0.0	10.0	264.0	0.0	0.0	0.0	0.0
miniCGBE1-SpRY_D4	miniCGBE1-SpRY	D4	rep2	B2M	96.58494808	3.41505192	9342	9341.0	9022.0	319.0	0.0	25.0	14.0	282.0	24.0	13.0	280.0	0.0	1.0	1.0	0.0
miniCGBE1-SpRY_D4	miniCGBE1-SpRY	D4	rep3	HEK3	99.54913846	0.45086154	146830	146830.0	146168.0	662.0	0.0	2.0	28.0	632.0	2.0	28.0	632.0	0.0	0.0	0.0	0.0
miniCGBE1-SpRY_D4	miniCGBE1-SpRY	D4	rep3	PDCD1	99.66911087	0.33088913	86757	86736.0	86449.0	287.0	0.0	0.0	15.0	273.0	0.0	14.0	272.0	0.0	0.0	1.0	0.0
miniCGBE1-SpRY_D4	miniCGBE1-SpRY	D4	rep3	B2M	96.6528747	3.3471253	32394	32386.0	31302.0	1084.0	0.0	67.0	29.0	1011.0	55.0	18.0	988.0	0.0	12.0	11.0	0.0
miniCGBE1-SpRY_D5	miniCGBE1-SpRY	D5	rep1	HEK3	99.49302915	0.50697085	38661	38661.0	38465.0	196.0	0.0	0.0	5.0	191.0	0.0	5.0	191.0	0.0	0.0	0.0	0.0
miniCGBE1-SpRY_D5	miniCGBE1-SpRY	D5	rep1	PDCD1	99.63853994	0.36146006	33754	33752.0	33630.0	122.0	0.0	0.0	3.0	119.0	0.0	3.0	119.0	0.0	0.0	0.0	0.0
miniCGBE1-SpRY_D5	miniCGBE1-SpRY	D5	rep1	B2M	97.76359254	2.23640746	89635	89608.0	87604.0	2004.0	0.0	92.0	152.0	1796.0	87.0	121.0	1760.0	0.0	5.0	31.0	0.0
miniCGBE1-SpRY_D5	miniCGBE1-SpRY	D5	rep2	HEK3	99.62575776	0.37424224	32332	32332.0	32211.0	121.0	0.0	1.0	2.0	118.0	1.0	2.0	118.0	0.0	0.0	0.0	0.0
miniCGBE1-SpRY_D5	miniCGBE1-SpRY	D5	rep2	PDCD1	99.64531184	0.35468816	117859	117850.0	117432.0	418.0	0.0	2.0	12.0	405.0	2.0	11.0	404.0	0.0	0.0	1.0	0.0
miniCGBE1-SpRY_D5	miniCGBE1-SpRY	D5	rep2	B2M	97.85001069	2.14998931	60807	60791.0	59484.0	1307.0	0.0	87.0	61.0	1191.0	66.0	50.0	1159.0	0.0	21.0	11.0	0.0
miniCGBE1-SpRY_D5	miniCGBE1-SpRY	D5	rep3	HEK3	99.57470844	0.42529156	30097	30097.0	29969.0	128.0	0.0	0.0	1.0	127.0	0.0	1.0	127.0	0.0	0.0	0.0	0.0
miniCGBE1-SpRY_D5	miniCGBE1-SpRY	D5	rep3	PDCD1	99.62424772	0.37575228	64143	64138.0	63897.0	241.0	0.0	7.0	8.0	230.0	7.0	4.0	226.0	0.0	0.0	4.0	0.0
miniCGBE1-SpRY_D5	miniCGBE1-SpRY	D5	rep3	B2M	97.8976234	2.1023766	44865	44854.0	43911.0	943.0	0.0	30.0	41.0	885.0	29.0	29.0	872.0	0.0	1.0	12.0	0.0
